{"credit":"Made with Blockbench","texture_size":[64,64],"textures":{"0":"ruby_vol_1_pack:ruby_vol_1_pack/axe_ruby_vol_1","particle":"ruby_vol_1_pack:ruby_vol_1_pack/axe_ruby_vol_1"},"elements":[{"from":[7.24375,-4.01339,10.43934],"to":[8.74375,20.98661,11.93934],"rotation":{"angle":0,"axis":"y","origin":[8,8,8]},"faces":{"north":{"uv":[0.5,0,1,6.25],"texture":"#0"},"east":{"uv":[1,0,1.5,6.25],"texture":"#0"},"south":{"uv":[1.5,0,2,6.25],"texture":"#0"},"west":{"uv":[0,0,0.5,6.25],"texture":"#0"},"up":{"uv":[7,3.5,6.5,3],"rotation":270,"texture":"#0"},"down":{"uv":[3.75,6.5,3.25,7],"rotation":90,"texture":"#0"}}},{"from":[7.24375,14.23661,2.93934],"to":[8.74375,17.23661,4.43934],"rotation":{"angle":0,"axis":"z","origin":[8,8,8]},"faces":{"north":{"uv":[2.5,5,3,5.75],"texture":"#0"},"east":{"uv":[3,5,3.5,5.75],"texture":"#0"},"south":{"uv":[3.5,5,4,5.75],"texture":"#0"},"west":{"uv":[2,5,2.5,5.75],"texture":"#0"},"up":{"uv":[7,4,6.5,3.5],"rotation":270,"texture":"#0"},"down":{"uv":[4.25,6.5,3.75,7],"rotation":90,"texture":"#0"}}},{"from":[7.74375,14.23661,1.93934],"to":[8.24375,17.23661,3.43934],"rotation":{"angle":0,"axis":"z","origin":[8,8,8]},"faces":{"north":{"uv":[4,7,4.25,7.75],"texture":"#0"},"east":{"uv":[5,4,5.5,4.75],"texture":"#0"},"south":{"uv":[7,5.5,7.25,6.25],"texture":"#0"},"west":{"uv":[4,5,4.5,5.75],"texture":"#0"},"up":{"uv":[7,6.25,6.5,6],"rotation":270,"texture":"#0"},"down":{"uv":[1.5,7.75,1,8],"rotation":90,"texture":"#0"}}},{"from":[7.51875,13.23661,4.43934],"to":[8.46875,18.23661,10.43934],"rotation":{"angle":0,"axis":"z","origin":[8,8,8]},"faces":{"north":{"uv":[5.75,6,6,7.25],"texture":"#0"},"east":{"uv":[2,1.25,3.5,2.5],"texture":"#0"},"south":{"uv":[6.25,1.75,6.5,3],"texture":"#0"},"west":{"uv":[2,0,3.5,1.25],"texture":"#0"},"up":{"uv":[6,5.25,4.5,5],"rotation":270,"texture":"#0"},"down":{"uv":[6.5,4.75,5,5],"rotation":90,"texture":"#0"}}},{"from":[7.51875,12.23661,4.18934],"to":[8.46875,13.23661,8.18934],"rotation":{"angle":0,"axis":"z","origin":[8,8,8]},"faces":{"north":{"uv":[3,6.75,3.25,7],"texture":"#0"},"east":{"uv":[4.25,6.5,5.25,6.75],"texture":"#0"},"south":{"uv":[6,7.75,6.25,8],"texture":"#0"},"west":{"uv":[6.5,4,7.5,4.25],"texture":"#0"},"up":{"uv":[7.5,4.5,6.5,4.25],"rotation":270,"texture":"#0"},"down":{"uv":[7.5,4.75,6.5,5],"rotation":90,"texture":"#0"}}},{"from":[7.49375,11.23661,5.18934],"to":[8.49375,12.23661,7.18934],"rotation":{"angle":0,"axis":"z","origin":[8,8,8]},"faces":{"north":{"uv":[6.25,7.75,6.5,8],"texture":"#0"},"east":{"uv":[7.75,2.75,8.25,3],"texture":"#0"},"south":{"uv":[6.5,7.75,6.75,8],"texture":"#0"},"west":{"uv":[7.75,2.5,8.25,2.75],"texture":"#0"},"up":{"uv":[3.75,8,3.25,7.75],"rotation":270,"texture":"#0"},"down":{"uv":[4.25,7.75,3.75,8],"rotation":90,"texture":"#0"}}},{"from":[7.51875,18.23661,4.43934],"to":[8.46875,19.23661,7.43934],"rotation":{"angle":0,"axis":"z","origin":[8,8,8]},"faces":{"north":{"uv":[7.75,6.5,8,6.75],"texture":"#0"},"east":{"uv":[6.75,4.5,7.5,4.75],"texture":"#0"},"south":{"uv":[6.75,7.75,7,8],"texture":"#0"},"west":{"uv":[6.75,1.5,7.5,1.75],"texture":"#0"},"up":{"uv":[6.75,7.25,6,7],"rotation":270,"texture":"#0"},"down":{"uv":[7.75,6.5,7,6.75],"rotation":90,"texture":"#0"}}},{"from":[7.49375,19.23661,4.68934],"to":[8.49375,20.23661,6.68934],"rotation":{"angle":0,"axis":"z","origin":[8,8,8]},"faces":{"north":{"uv":[7.75,6.75,8,7],"texture":"#0"},"east":{"uv":[7.75,4,8.25,4.25],"texture":"#0"},"south":{"uv":[7,7.75,7.25,8],"texture":"#0"},"west":{"uv":[7.75,3.75,8.25,4],"texture":"#0"},"up":{"uv":[8.25,4.5,7.75,4.25],"rotation":270,"texture":"#0"},"down":{"uv":[5,7.75,4.5,8],"rotation":90,"texture":"#0"}}},{"from":[7.49375,18.23661,7.43934],"to":[8.49375,19.23661,10.43934],"rotation":{"angle":0,"axis":"z","origin":[8,8,8]},"faces":{"north":{"uv":[7.25,7.75,7.5,8],"texture":"#0"},"east":{"uv":[7,6.75,7.75,7],"texture":"#0"},"south":{"uv":[7.5,7.75,7.75,8],"texture":"#0"},"west":{"uv":[6.75,7,7.5,7.25],"texture":"#0"},"up":{"uv":[8,1.25,7.25,1],"rotation":270,"texture":"#0"},"down":{"uv":[8,1.25,7.25,1.5],"rotation":90,"texture":"#0"}}},{"from":[7.49375,14.84193,-2.63482],"to":[8.49375,15.84193,0.36518],"rotation":{"angle":45,"axis":"x","origin":[8,8,8]},"faces":{"north":{"uv":[7.75,7.75,8,8],"texture":"#0"},"east":{"uv":[4.25,7.25,5,7.5],"texture":"#0"},"south":{"uv":[0,8,0.25,8.25],"texture":"#0"},"west":{"uv":[2,7.25,2.75,7.5],"texture":"#0"},"up":{"uv":[5.75,7.5,5,7.25],"rotation":270,"texture":"#0"},"down":{"uv":[8,5,7.25,5.25],"rotation":90,"texture":"#0"}}},{"from":[7.49375,10.83152,8.45284],"to":[8.49375,11.83152,11.45284],"rotation":{"angle":-45,"axis":"x","origin":[8,8,8]},"faces":{"north":{"uv":[0.25,8,0.5,8.25],"texture":"#0"},"east":{"uv":[7.25,5.5,8,5.75],"texture":"#0"},"south":{"uv":[1,8,1.25,8.25],"texture":"#0"},"west":{"uv":[7.25,5.25,8,5.5],"texture":"#0"},"up":{"uv":[6.5,7.5,5.75,7.25],"rotation":270,"texture":"#0"},"down":{"uv":[8,5.75,7.25,6],"rotation":90,"texture":"#0"}}},{"from":[7.49375,11.86121,9.72375],"to":[8.49375,12.86121,12.72375],"rotation":{"angle":-22.5,"axis":"x","origin":[8,8,8]},"faces":{"north":{"uv":[8,1,8.25,1.25],"texture":"#0"},"east":{"uv":[7.25,6.25,8,6.5],"texture":"#0"},"south":{"uv":[1.25,8,1.5,8.25],"texture":"#0"},"west":{"uv":[7.25,6,8,6.25],"texture":"#0"},"up":{"uv":[7.25,7.5,6.5,7.25],"rotation":270,"texture":"#0"},"down":{"uv":[8,7.25,7.25,7.5],"rotation":90,"texture":"#0"}}},{"from":[7.24375,10.21674,7.68348],"to":[8.74375,13.21674,9.18348],"rotation":{"angle":-45,"axis":"x","origin":[8,8,8]},"faces":{"north":{"uv":[5.25,0.75,5.75,1.5],"texture":"#0"},"east":{"uv":[5.25,1.5,5.75,2.25],"texture":"#0"},"south":{"uv":[5.25,2.25,5.75,3],"texture":"#0"},"west":{"uv":[5.25,0,5.75,0.75],"texture":"#0"},"up":{"uv":[7,6,6.5,5.5],"rotation":270,"texture":"#0"},"down":{"uv":[6.5,6.5,6,7],"rotation":90,"texture":"#0"}}},{"from":[7.76875,10.92385,6.97637],"to":[8.21875,13.92385,8.47637],"rotation":{"angle":-45,"axis":"x","origin":[8,8,8]},"faces":{"north":{"uv":[0,7.25,0.25,8],"texture":"#0"},"east":{"uv":[5,5.25,5.5,6],"texture":"#0"},"south":{"uv":[0.25,7.25,0.5,8],"texture":"#0"},"west":{"uv":[4.5,5.25,5,6],"texture":"#0"},"up":{"uv":[5.5,8,5,7.75],"rotation":270,"texture":"#0"},"down":{"uv":[6,7.75,5.5,8],"rotation":90,"texture":"#0"}}},{"from":[7.24375,13.72448,-3.25775],"to":[8.74375,16.72448,-1.75775],"rotation":{"angle":45,"axis":"x","origin":[8,8,8]},"faces":{"north":{"uv":[5.5,3.75,6,4.5],"texture":"#0"},"east":{"uv":[5.5,5.25,6,6],"texture":"#0"},"south":{"uv":[5.75,0,6.25,0.75],"texture":"#0"},"west":{"uv":[5.5,3,6,3.75],"texture":"#0"},"up":{"uv":[7,7,6.5,6.5],"rotation":270,"texture":"#0"},"down":{"uv":[0.5,6.75,0,7.25],"rotation":90,"texture":"#0"}}},{"from":[7.76875,13.01737,-3.96485],"to":[8.21875,16.51737,-2.46485],"rotation":{"angle":45,"axis":"x","origin":[8,8,8]},"faces":{"north":{"uv":[0.75,6.75,1,7.75],"texture":"#0"},"east":{"uv":[1,6.75,1.25,7.75],"texture":"#0"},"south":{"uv":[1.25,6.75,1.5,7.75],"texture":"#0"},"west":{"uv":[0.5,6.75,0.75,7.75],"texture":"#0"},"up":{"uv":[8.25,1.5,8,1.25],"rotation":270,"texture":"#0"},"down":{"uv":[3,8,2.75,8.25],"rotation":90,"texture":"#0"}}},{"from":[7.24375,12.69851,5.7112],"to":[8.74375,15.69851,7.2112],"rotation":{"angle":-22.5,"axis":"x","origin":[8,8,8]},"faces":{"north":{"uv":[5.75,1.5,6.25,2.25],"texture":"#0"},"east":{"uv":[2,5.75,2.5,6.5],"texture":"#0"},"south":{"uv":[5.75,2.25,6.25,3],"texture":"#0"},"west":{"uv":[5.75,0.75,6.25,1.5],"texture":"#0"},"up":{"uv":[7.25,1.5,6.75,1],"rotation":270,"texture":"#0"},"down":{"uv":[2.5,6.75,2,7.25],"rotation":90,"texture":"#0"}}},{"from":[7.74375,13.08119,4.78732],"to":[8.24375,16.08119,6.28732],"rotation":{"angle":-22.5,"axis":"x","origin":[8,8,8]},"faces":{"north":{"uv":[7.5,0,7.75,0.75],"texture":"#0"},"east":{"uv":[1.5,7.5,1.75,8.25],"texture":"#0"},"south":{"uv":[1.75,7.5,2,8.25],"texture":"#0"},"west":{"uv":[2.75,7.25,3,8],"texture":"#0"},"up":{"uv":[3.5,8.25,3.25,8],"rotation":270,"texture":"#0"},"down":{"uv":[3.75,8,3.5,8.25],"rotation":90,"texture":"#0"}}},{"from":[7.24375,14.59688,-0.21014],"to":[8.74375,17.59688,1.28986],"rotation":{"angle":22.5,"axis":"x","origin":[8,8,8]},"faces":{"north":{"uv":[3,5.75,3.5,6.5],"texture":"#0"},"east":{"uv":[3.5,5.75,4,6.5],"texture":"#0"},"south":{"uv":[4,5.75,4.5,6.5],"texture":"#0"},"west":{"uv":[2.5,5.75,3,6.5],"texture":"#0"},"up":{"uv":[3,7.25,2.5,6.75],"rotation":270,"texture":"#0"},"down":{"uv":[4.75,6.75,4.25,7.25],"rotation":90,"texture":"#0"}}},{"from":[7.74375,14.2142,-1.13402],"to":[8.24375,17.2142,0.36598],"rotation":{"angle":22.5,"axis":"x","origin":[8,8,8]},"faces":{"north":{"uv":[2.25,7.5,2.5,8.25],"texture":"#0"},"east":{"uv":[2.5,7.5,2.75,8.25],"texture":"#0"},"south":{"uv":[3,7.5,3.25,8.25],"texture":"#0"},"west":{"uv":[2,7.5,2.25,8.25],"texture":"#0"},"up":{"uv":[4,8.25,3.75,8],"rotation":270,"texture":"#0"},"down":{"uv":[4.25,8,4,8.25],"rotation":90,"texture":"#0"}}},{"from":[6.99375,14.47581,2.78459],"to":[8.99375,17.72581,6.03459],"rotation":{"angle":45,"axis":"x","origin":[8,8,8]},"faces":{"north":{"uv":[6,3,6.5,3.75],"texture":"#0"},"east":{"uv":[2.75,2.5,3.5,3.25],"texture":"#0"},"south":{"uv":[6,3.75,6.5,4.5],"texture":"#0"},"west":{"uv":[2,2.5,2.75,3.25],"texture":"#0"},"up":{"uv":[5.25,6.5,4.5,6],"rotation":270,"texture":"#0"},"down":{"uv":[6.75,5,6,5.5],"rotation":90,"texture":"#0"}}},{"from":[7.54375,17.97581,2.28459],"to":[8.46875,19.22581,7.53459],"rotation":{"angle":45,"axis":"x","origin":[8,8,8]},"faces":{"north":{"uv":[4.5,8,4.75,8.25],"texture":"#0"},"east":{"uv":[6,6.25,7.25,6.5],"texture":"#0"},"south":{"uv":[4.75,8,5,8.25],"texture":"#0"},"west":{"uv":[5.5,4.5,6.75,4.75],"texture":"#0"},"up":{"uv":[7.75,2,6.5,1.75],"rotation":270,"texture":"#0"},"down":{"uv":[3.25,6.5,2,6.75],"rotation":90,"texture":"#0"}}},{"from":[7.49375,8.46541,13.97581],"to":[8.49375,9.71541,19.22581],"rotation":{"angle":-45,"axis":"x","origin":[8,8,8]},"faces":{"north":{"uv":[5,8,5.25,8.25],"texture":"#0"},"east":{"uv":[6.5,2.25,7.75,2.5],"texture":"#0"},"south":{"uv":[8,5,8.25,5.25],"texture":"#0"},"west":{"uv":[6.5,2,7.75,2.25],"texture":"#0"},"up":{"uv":[7.75,2.75,6.5,2.5],"rotation":270,"texture":"#0"},"down":{"uv":[7.75,2.75,6.5,3],"rotation":90,"texture":"#0"}}},{"from":[7.24375,13.72581,2.03459],"to":[8.74375,16.22581,4.53459],"rotation":{"angle":45,"axis":"x","origin":[8,8,8]},"faces":{"north":{"uv":[5.25,6,5.75,6.75],"texture":"#0"},"east":{"uv":[2.75,3.25,3.5,4],"texture":"#0"},"south":{"uv":[6,5.5,6.5,6.25],"texture":"#0"},"west":{"uv":[2,3.25,2.75,4],"texture":"#0"},"up":{"uv":[0.75,6.75,0,6.25],"rotation":270,"texture":"#0"},"down":{"uv":[7,0,6.25,0.5],"rotation":90,"texture":"#0"}}},{"from":[6.74375,14.97581,3.28459],"to":[9.24375,17.22581,5.53459],"rotation":{"angle":45,"axis":"x","origin":[8,8,8]},"faces":{"north":{"uv":[6.25,0.5,7,1],"texture":"#0"},"east":{"uv":[6.75,5,7.25,5.5],"texture":"#0"},"south":{"uv":[0.75,6.25,1.5,6.75],"texture":"#0"},"west":{"uv":[4.75,6.75,5.25,7.25],"texture":"#0"},"up":{"uv":[6.75,1.75,6.25,1],"rotation":270,"texture":"#0"},"down":{"uv":[2,6.25,1.5,7],"rotation":90,"texture":"#0"}}},{"from":[16.80099,-2.05983,9.93934],"to":[18.05099,-0.80983,12.43934],"rotation":{"angle":-45,"axis":"z","origin":[8,8,8]},"faces":{"north":{"uv":[5.25,8,5.5,8.25],"texture":"#0"},"east":{"uv":[7.5,1.5,8.25,1.75],"texture":"#0"},"south":{"uv":[8,5.25,8.25,5.5],"texture":"#0"},"west":{"uv":[7.5,0.75,8.25,1],"texture":"#0"},"up":{"uv":[8.25,3.25,7.5,3],"rotation":270,"texture":"#0"},"down":{"uv":[4,7.5,3.25,7.75],"rotation":90,"texture":"#0"}}},{"from":[6.74375,-4.31061,0.1998],"to":[9.24375,-3.06061,1.4498],"rotation":{"angle":-45,"axis":"x","origin":[8,8,8]},"faces":{"north":{"uv":[7.5,3.25,8.25,3.5],"texture":"#0"},"east":{"uv":[8,5.5,8.25,5.75],"texture":"#0"},"south":{"uv":[7.5,3.5,8.25,3.75],"texture":"#0"},"west":{"uv":[5.5,8,5.75,8.25],"texture":"#0"},"up":{"uv":[7.75,4.5,7.5,3.75],"rotation":270,"texture":"#0"},"down":{"uv":[4.5,7.5,4.25,8.25],"rotation":90,"texture":"#0"}}},{"from":[6.49375,-5.01339,9.68934],"to":[9.49375,-4.01339,12.68934],"rotation":{"angle":0,"axis":"y","origin":[8,8,8]},"faces":{"north":{"uv":[7.5,4.5,8.25,4.75],"texture":"#0"},"east":{"uv":[7.5,4.75,8.25,5],"texture":"#0"},"south":{"uv":[5.25,7.5,6,7.75],"texture":"#0"},"west":{"uv":[4.5,7.5,5.25,7.75],"texture":"#0"},"up":{"uv":[4.25,0.75,3.5,0],"rotation":270,"texture":"#0"},"down":{"uv":[4.25,0.75,3.5,1.5],"rotation":90,"texture":"#0"}}},{"from":[16.09388,-1.60272,9.43934],"to":[17.59388,-0.10272,12.93934],"rotation":{"angle":-45,"axis":"z","origin":[8,8,8]},"faces":{"north":{"uv":[5.25,6.75,5.75,7.25],"texture":"#0"},"east":{"uv":[3.5,3.5,4.5,4],"texture":"#0"},"south":{"uv":[7,0,7.5,0.5],"texture":"#0"},"west":{"uv":[3.5,3,4.5,3.5],"texture":"#0"},"up":{"uv":[3,4.5,2,4],"rotation":270,"texture":"#0"},"down":{"uv":[4,4,3,4.5],"rotation":90,"texture":"#0"}}},{"from":[6.24375,-3.85351,0.6569],"to":[9.74375,-2.35351,2.1569],"rotation":{"angle":-45,"axis":"x","origin":[8,8,8]},"faces":{"north":{"uv":[4,4,5,4.5],"texture":"#0"},"east":{"uv":[1.5,7,2,7.5],"texture":"#0"},"south":{"uv":[4.25,0,5.25,0.5],"texture":"#0"},"west":{"uv":[7,0.5,7.5,1],"texture":"#0"},"up":{"uv":[4.75,1.5,4.25,0.5],"rotation":270,"texture":"#0"},"down":{"uv":[4.75,1.5,4.25,2.5],"rotation":90,"texture":"#0"}}},{"from":[-1.47772,16.21888,9.93934],"to":[-0.22772,17.46888,12.43934],"rotation":{"angle":-45,"axis":"z","origin":[8,8,8]},"faces":{"north":{"uv":[5.75,8,6,8.25],"texture":"#0"},"east":{"uv":[6.75,7.5,7.5,7.75],"texture":"#0"},"south":{"uv":[8,5.75,8.25,6],"texture":"#0"},"west":{"uv":[6,7.5,6.75,7.75],"texture":"#0"},"up":{"uv":[8.25,7.25,7.5,7],"rotation":270,"texture":"#0"},"down":{"uv":[8.25,7.5,7.5,7.75],"rotation":90,"texture":"#0"}}},{"from":[6.74375,13.9681,18.47851],"to":[9.24375,15.2181,19.72851],"rotation":{"angle":-45,"axis":"x","origin":[8,8,8]},"faces":{"north":{"uv":[7.75,0,8.5,0.25],"texture":"#0"},"east":{"uv":[8,6,8.25,6.25],"texture":"#0"},"south":{"uv":[7.75,0.25,8.5,0.5],"texture":"#0"},"west":{"uv":[6,8,6.25,8.25],"texture":"#0"},"up":{"uv":[0.75,8.5,0.5,7.75],"rotation":270,"texture":"#0"},"down":{"uv":[1,7.75,0.75,8.5],"rotation":90,"texture":"#0"}}},{"from":[6.49375,20.83661,9.68934],"to":[9.49375,21.83661,12.68934],"rotation":{"angle":0,"axis":"y","origin":[8,8,8]},"faces":{"north":{"uv":[7.75,1.75,8.5,2],"texture":"#0"},"east":{"uv":[7.75,2,8.5,2.25],"texture":"#0"},"south":{"uv":[7.75,2.25,8.5,2.5],"texture":"#0"},"west":{"uv":[7.75,0.5,8.5,0.75],"texture":"#0"},"up":{"uv":[4.25,2.25,3.5,1.5],"rotation":270,"texture":"#0"},"down":{"uv":[4.25,2.25,3.5,3],"rotation":90,"texture":"#0"}}},{"from":[-2.18483,16.67599,9.43934],"to":[-0.68483,18.17599,12.93934],"rotation":{"angle":-45,"axis":"z","origin":[8,8,8]},"faces":{"north":{"uv":[3,7,3.5,7.5],"texture":"#0"},"east":{"uv":[2,4.5,3,5],"texture":"#0"},"south":{"uv":[7,3,7.5,3.5],"texture":"#0"},"west":{"uv":[4.25,2.5,5.25,3],"texture":"#0"},"up":{"uv":[4,5,3,4.5],"rotation":270,"texture":"#0"},"down":{"uv":[5.5,3,4.5,3.5],"rotation":90,"texture":"#0"}}},{"from":[6.24375,14.4252,18.93561],"to":[9.74375,15.9252,20.43561],"rotation":{"angle":-45,"axis":"x","origin":[8,8,8]},"faces":{"north":{"uv":[4.5,3.5,5.5,4],"texture":"#0"},"east":{"uv":[7,3.5,7.5,4],"texture":"#0"},"south":{"uv":[4,4.5,5,5],"texture":"#0"},"west":{"uv":[3.5,7,4,7.5],"texture":"#0"},"up":{"uv":[5.25,1.5,4.75,0.5],"rotation":270,"texture":"#0"},"down":{"uv":[5.25,1.5,4.75,2.5],"rotation":90,"texture":"#0"}}}],"gui_light":"front","display":{"thirdperson_righthand":{"rotation":[6.75,0,0],"translation":[0,1,-2],"scale":[0.83203,0.83203,0.83203]},"thirdperson_lefthand":{"rotation":[6.75,0,0],"translation":[0,1,-2],"scale":[0.83203,0.83203,0.83203]},"firstperson_righthand":{"rotation":[-13.73,13.43,7.03],"translation":[1,2.25,0],"scale":[0.66406,0.66406,0.66406]},"firstperson_lefthand":{"rotation":[-13.73,13.43,7.03],"translation":[1,2.25,0],"scale":[0.66406,0.66406,0.66406]},"ground":{"rotation":[0,0,70],"translation":[0.5,0,-1.75],"scale":[0.58594,0.58594,0.58594]},"gui":{"rotation":[90,45,-90],"translation":[-1.25,0.25,0],"scale":[0.54219,0.54219,0.54219]},"head":{"rotation":[-90,59.25,90],"translation":[-0.75,18.25,0],"scale":[0.75781,0.75781,0.75781]},"fixed":{"rotation":[0,90,0],"translation":[-4.5,2,-2.25],"scale":[1.71875,1.71875,1.71875]}}}