{"sources":[{"type":"directory","source":"paints","prefix":"paints/"},{"type":"directory","source":"sword","prefix":"sword/"},{"type":"directory","source":"colors","prefix":"colors/"},{"type":"directory","source":"ancient_sword","prefix":"ancient_sword/"},{"type":"directory","source":"keys","prefix":"keys/"},{"type":"single","resource":"paints/clockwork_paint"},{"type":"single","resource":"sword/clockwork_stream"},{"type":"single","resource":"keys/heart_key"},{"type":"single","resource":"elitecreatures:steamsparks_animated_weapon_set/steamsparks_boots"},{"type":"single","resource":"keys/legendary_key"},{"type":"single","resource":"dark_queen:dark_queen/spear_dark_queen"},{"type":"single","resource":"jeqo:crystalled_set/crystalled_sword"},{"type":"single","resource":"ruby_vol_1_pack:ruby_vol_1_pack/sword_ruby_vol_1"},{"type":"single","resource":"elitecreatures:valentines_animated_weapon_and_tool_set_v1/heartrotate1"},{"type":"single","resource":"_iainternal:icons/icon_left_blue"},{"type":"single","resource":"elitecreatures:carnivoret_weapon_set/bow4"},{"type":"single","resource":"elitecreatures:carnivoret_weapon_set/hat"},{"type":"single","resource":"elitecreatures:carnivoret_weapon_set/bow3"},{"type":"single","resource":"elitecreatures:carnivoret_weapon_set/bow2"},{"type":"single","resource":"elitecreatures:valentines_animated_weapon_and_tool_set_v1/valentine_tex7"},{"type":"single","resource":"elitecreatures:carnivoret_weapon_set/bow1"},{"type":"single","resource":"elitecreatures:valentines_animated_weapon_and_tool_set_v1/valentine_tex6"},{"type":"single","resource":"elitecreatures:carnivoret_weapon_set/staff"},{"type":"single","resource":"elitecreatures:valentines_animated_weapon_and_tool_set_v1/valentine_tex8"},{"type":"single","resource":"elitecreatures:valentines_animated_weapon_and_tool_set_v1/heartrotate"},{"type":"single","resource":"elitecreatures:steamsparks_animated_weapon_set/steamsparks_chestplate"},{"type":"single","resource":"elitecreatures:valentines_animated_weapon_and_tool_set_v1/helmet_icon"},{"type":"single","resource":"elitecreatures:carnivoret_weapon_set/chest"},{"type":"single","resource":"elitecreatures:carnivoret_weapon_set/spear"},{"type":"single","resource":"jeqo:crystalled_set/crystalled_chestplate"},{"type":"single","resource":"_iainternal:icons/icon_next_orange"},{"type":"single","resource":"elitecreatures:carnivoret_weapon_set/carnivoret_leggings"},{"type":"single","resource":"elitecreatures:valentines_animated_weapon_and_tool_set_v1/valentine_tex3"},{"type":"single","resource":"elitecreatures:valentines_animated_weapon_and_tool_set_v1/valentine_tex2"},{"type":"single","resource":"jeqo:crystalled_set/crystalled_bow_pulling_0"},{"type":"single","resource":"elitecreatures:valentines_animated_weapon_and_tool_set_v1/valentine_tex5"},{"type":"single","resource":"jeqo:crystalled_set/crystalled_bow_pulling_1"},{"type":"single","resource":"elitecreatures:carnivoret_weapon_set/hammer"},{"type":"single","resource":"elitecreatures:valentines_animated_weapon_and_tool_set_v1/valentine_tex4"},{"type":"single","resource":"jeqo:crystalled_set/crystalled_bow_pulling_2"},{"type":"single","resource":"elitecreatures:carnivoret_weapon_set/shovel"},{"type":"single","resource":"elitecreatures:valentines_animated_weapon_and_tool_set_v1/valentine_tex1"},{"type":"single","resource":"elitecreatures:valentines_animated_weapon_and_tool_set_v1/bowfill"},{"type":"single","resource":"elitecreatures:carnivoret_weapon_set/hoe"},{"type":"single","resource":"elitecreatures:carnivoret_weapon_set/sword"},{"type":"single","resource":"elitecreatures:valentines_animated_weapon_and_tool_set_v1/boots_icon"},{"type":"single","resource":"jeqo:crystalled_set/crystalled_axe"},{"type":"single","resource":"keys/rare_key"},{"type":"single","resource":"elitecreatures:carnivoret_weapon_set/carnivoret_boots"},{"type":"single","resource":"elitecreatures:carnivoret_weapon_set/pickaxe"},{"type":"single","resource":"elitecreatures:valentines_animated_weapon_and_tool_set_v1/chestplate_icon"},{"type":"single","resource":"ruby_vol_1_pack:ruby_vol_1_pack/arrow_ruby_vol_1"},{"type":"single","resource":"dark_queen:dark_queen/sword_dark_queen"},{"type":"single","resource":"elitecreatures:steamsparks_animated_weapon_set/steamsparks_leggings"},{"type":"single","resource":"colors/colors"},{"type":"single","resource":"elitecreatures:carnivoret_weapon_set/wing"},{"type":"single","resource":"elitecreatures:carnivoret_weapon_set/fishing1"},{"type":"single","resource":"elitecreatures:steamsparks_animated_weapon_set/boost_1"},{"type":"single","resource":"ruby_vol_1_pack:ruby_vol_1_pack/spear_ruby_vol_1"},{"type":"single","resource":"_iainternal:icons/icon_cancel"},{"type":"single","resource":"elitecreatures:valentines_animated_weapon_and_tool_set_v1/cameralens1"},{"type":"single","resource":"elitecreatures:steamsparks_animated_weapon_set/boost_2"},{"type":"single","resource":"elitecreatures:carnivoret_weapon_set/key"},{"type":"single","resource":"jeqo:crystalled_set/crystalled_shovel"},{"type":"single","resource":"elitecreatures:valentines_animated_weapon_and_tool_set_v1/leggings_icon"},{"type":"single","resource":"_iainternal:icons/icon_back_orange"},{"type":"single","resource":"elitecreatures:carnivoret_weapon_set/axe1"},{"type":"single","resource":"elitecreatures:valentines_animated_weapon_and_tool_set_v1/glassese"},{"type":"single","resource":"_iainternal:icons/icon_arrow_chest"},{"type":"single","resource":"elitecreatures:steamsparks_animated_weapon_set/steamsparks_helmet"},{"type":"single","resource":"jeqo:crystalled_set/crystalled_boots"},{"type":"single","resource":"ruby_vol_1_pack:ruby_vol_1_pack/axe_ruby_vol_1"},{"type":"single","resource":"elitecreatures:carnivoret_weapon_set/scythe"},{"type":"single","resource":"ruby_vol_1_pack:ruby_vol_1_pack/bow_ruby_vol_1"},{"type":"single","resource":"jeqo:crystalled_set/crystalled_pickaxe"},{"type":"single","resource":"elitecreatures:steamsparks_animated_weapon_set/texture_chest"},{"type":"single","resource":"elitecreatures:carnivoret_weapon_set/shield"},{"type":"single","resource":"dark_queen:dark_queen/axe_dark_queen"},{"type":"single","resource":"keys/spawner_key"},{"type":"single","resource":"elitecreatures:valentines_animated_weapon_and_tool_set_v1/battery"},{"type":"single","resource":"ancient_sword/blade_of_traxis"},{"type":"single","resource":"_iainternal:icons/icon_search"},{"type":"single","resource":"elitecreatures:valentines_animated_weapon_and_tool_set_v1/heartnitro"},{"type":"single","resource":"_iainternal:icons/icon_right_blue"},{"type":"single","resource":"dark_queen:dark_queen/bow_dark_queen"},{"type":"single","resource":"jeqo:crystalled_set/crystalled_hoe"},{"type":"single","resource":"jeqo:crystalled_set/crystalled_leggings"},{"type":"single","resource":"elitecreatures:steamsparks_animated_weapon_set/lightning_1"},{"type":"single","resource":"elitecreatures:steamsparks_animated_weapon_set/cog_01"},{"type":"single","resource":"elitecreatures:valentines_animated_weapon_and_tool_set_v1/cloudheart"},{"type":"single","resource":"jeqo:crystalled_set/crystalled_bow"},{"type":"single","resource":"elitecreatures:carnivoret_weapon_set/carnivoret_chestplate"},{"type":"single","resource":"elitecreatures:steamsparks_animated_weapon_set/texture"},{"type":"single","resource":"ruby_vol_1_pack:ruby_vol_1_pack/staff_ruby_vol_1"},{"type":"single","resource":"elitecreatures:steamsparks_animated_weapon_set/smoke_1"},{"type":"single","resource":"dark_queen:dark_queen/staff_dark_queen"},{"type":"single","resource":"jeqo:crystalled_set/crystalled_helmet"}]}