{"sources":[{"type":"single","resource":"elitecreatures:steamsparks_animated_weapon_set/steamsparks_boots"},{"type":"single","resource":"elitecreatures:valentines_animated_weapon_and_tool_set_v1/heartrotate1"},{"type":"single","resource":"_iainternal:icons/icon_left_blue"},{"type":"single","resource":"elitecreatures:carnivoret_weapon_set/bow4"},{"type":"single","resource":"elitecreatures:carnivoret_weapon_set/hat"},{"type":"single","resource":"elitecreatures:carnivoret_weapon_set/bow3"},{"type":"single","resource":"elitecreatures:carnivoret_weapon_set/bow2"},{"type":"single","resource":"elitecreatures:valentines_animated_weapon_and_tool_set_v1/valentine_tex7"},{"type":"single","resource":"elitecreatures:carnivoret_weapon_set/bow1"},{"type":"single","resource":"elitecreatures:valentines_animated_weapon_and_tool_set_v1/valentine_tex6"},{"type":"single","resource":"elitecreatures:carnivoret_weapon_set/staff"},{"type":"single","resource":"elitecreatures:valentines_animated_weapon_and_tool_set_v1/valentine_tex8"},{"type":"single","resource":"elitecreatures:valentines_animated_weapon_and_tool_set_v1/heartrotate"},{"type":"single","resource":"elitecreatures:steamsparks_animated_weapon_set/steamsparks_chestplate"},{"type":"single","resource":"elitecreatures:valentines_animated_weapon_and_tool_set_v1/helmet_icon"},{"type":"single","resource":"elitecreatures:carnivoret_weapon_set/chest"},{"type":"single","resource":"elitecreatures:carnivoret_weapon_set/spear"},{"type":"single","resource":"_iainternal:icons/icon_next_orange"},{"type":"single","resource":"elitecreatures:carnivoret_weapon_set/carnivoret_leggings"},{"type":"single","resource":"elitecreatures:valentines_animated_weapon_and_tool_set_v1/valentine_tex3"},{"type":"single","resource":"elitecreatures:valentines_animated_weapon_and_tool_set_v1/valentine_tex2"},{"type":"single","resource":"elitecreatures:valentines_animated_weapon_and_tool_set_v1/valentine_tex5"},{"type":"single","resource":"elitecreatures:carnivoret_weapon_set/hammer"},{"type":"single","resource":"elitecreatures:valentines_animated_weapon_and_tool_set_v1/valentine_tex4"},{"type":"single","resource":"elitecreatures:carnivoret_weapon_set/shovel"},{"type":"single","resource":"elitecreatures:valentines_animated_weapon_and_tool_set_v1/valentine_tex1"},{"type":"single","resource":"elitecreatures:valentines_animated_weapon_and_tool_set_v1/bowfill"},{"type":"single","resource":"elitecreatures:carnivoret_weapon_set/hoe"},{"type":"single","resource":"elitecreatures:carnivoret_weapon_set/sword"},{"type":"single","resource":"elitecreatures:valentines_animated_weapon_and_tool_set_v1/boots_icon"},{"type":"single","resource":"elitecreatures:carnivoret_weapon_set/carnivoret_boots"},{"type":"single","resource":"elitecreatures:carnivoret_weapon_set/pickaxe"},{"type":"single","resource":"elitecreatures:valentines_animated_weapon_and_tool_set_v1/chestplate_icon"},{"type":"single","resource":"elitecreatures:steamsparks_animated_weapon_set/steamsparks_leggings"},{"type":"single","resource":"elitecreatures:carnivoret_weapon_set/wing"},{"type":"single","resource":"elitecreatures:carnivoret_weapon_set/fishing1"},{"type":"single","resource":"elitecreatures:steamsparks_animated_weapon_set/boost_1"},{"type":"single","resource":"_iainternal:icons/icon_cancel"},{"type":"single","resource":"elitecreatures:valentines_animated_weapon_and_tool_set_v1/cameralens1"},{"type":"single","resource":"elitecreatures:steamsparks_animated_weapon_set/boost_2"},{"type":"single","resource":"elitecreatures:carnivoret_weapon_set/key"},{"type":"single","resource":"elitecreatures:valentines_animated_weapon_and_tool_set_v1/leggings_icon"},{"type":"single","resource":"_iainternal:icons/icon_back_orange"},{"type":"single","resource":"elitecreatures:carnivoret_weapon_set/axe1"},{"type":"single","resource":"elitecreatures:valentines_animated_weapon_and_tool_set_v1/glassese"},{"type":"single","resource":"_iainternal:icons/icon_arrow_chest"},{"type":"single","resource":"elitecreatures:steamsparks_animated_weapon_set/steamsparks_helmet"},{"type":"single","resource":"elitecreatures:carnivoret_weapon_set/scythe"},{"type":"single","resource":"elitecreatures:steamsparks_animated_weapon_set/texture_chest"},{"type":"single","resource":"elitecreatures:carnivoret_weapon_set/shield"},{"type":"single","resource":"elitecreatures:valentines_animated_weapon_and_tool_set_v1/battery"},{"type":"single","resource":"_iainternal:icons/icon_search"},{"type":"single","resource":"elitecreatures:valentines_animated_weapon_and_tool_set_v1/heartnitro"},{"type":"single","resource":"_iainternal:icons/icon_right_blue"},{"type":"single","resource":"elitecreatures:steamsparks_animated_weapon_set/lightning_1"},{"type":"single","resource":"elitecreatures:steamsparks_animated_weapon_set/cog_01"},{"type":"single","resource":"elitecreatures:valentines_animated_weapon_and_tool_set_v1/cloudheart"},{"type":"single","resource":"elitecreatures:carnivoret_weapon_set/carnivoret_chestplate"},{"type":"single","resource":"elitecreatures:steamsparks_animated_weapon_set/texture"},{"type":"single","resource":"elitecreatures:steamsparks_animated_weapon_set/smoke_1"}]}