{
	"credit": "Made with Blockbench",
	"texture_size": [32, 32],
	"textures": {
		"0": "keys/spawner_key",
		"particle": "keys/spawner_key"
	},
	"elements": [
		{
			"from": [5.65, 2, -1],
			"to": [7.15, 4, 1],
			"faces": {
				"north": {"uv": [3, 3, 4, 4], "texture": "#0"},
				"east": {"uv": [1, 3.5, 2, 4.5], "texture": "#0"},
				"south": {"uv": [2, 3.5, 3, 4.5], "texture": "#0"},
				"west": {"uv": [0, 4, 1, 5], "texture": "#0"},
				"up": {"uv": [5, 1, 4, 0], "texture": "#0"},
				"down": {"uv": [5, 1, 4, 2], "texture": "#0"}
			}
		},
		{
			"from": [5.65, 2, 1],
			"to": [7.15, 3, 2],
			"faces": {
				"north": {"uv": [12, 3, 13, 3.5], "texture": "#0"},
				"east": {"uv": [14, 3, 14.5, 3.5], "texture": "#0"},
				"south": {"uv": [12, 3.5, 13, 4], "texture": "#0"},
				"west": {"uv": [3.5, 14, 4, 14.5], "texture": "#0"},
				"up": {"uv": [5, 12.5, 4, 12], "texture": "#0"},
				"down": {"uv": [13, 4, 12, 4.5], "texture": "#0"}
			}
		},
		{
			"from": [5.65, 6, 3],
			"to": [7.15, 7, 4],
			"faces": {
				"north": {"uv": [10, 12, 11, 12.5], "texture": "#0"},
				"east": {"uv": [14, 6, 14.5, 6.5], "texture": "#0"},
				"south": {"uv": [12, 10.5, 13, 11], "texture": "#0"},
				"west": {"uv": [6.5, 14, 7, 14.5], "texture": "#0"},
				"up": {"uv": [12, 12.5, 11, 12], "texture": "#0"},
				"down": {"uv": [13, 11.5, 12, 12], "texture": "#0"}
			}
		},
		{
			"from": [5.65, 6, 2],
			"to": [7.15, 7, 3],
			"faces": {
				"north": {"uv": [12, 12, 13, 12.5], "texture": "#0"},
				"east": {"uv": [14, 6.5, 14.5, 7], "texture": "#0"},
				"south": {"uv": [0, 12.5, 1, 13], "texture": "#0"},
				"west": {"uv": [14, 7, 14.5, 7.5], "texture": "#0"},
				"up": {"uv": [3, 13, 2, 12.5], "texture": "#0"},
				"down": {"uv": [4, 12.5, 3, 13], "texture": "#0"}
			}
		},
		{
			"from": [5.65, 5, 3],
			"to": [7.15, 6, 4],
			"faces": {
				"north": {"uv": [4, 12.5, 5, 13], "texture": "#0"},
				"east": {"uv": [14, 7.5, 14.5, 8], "texture": "#0"},
				"south": {"uv": [5, 12.5, 6, 13], "texture": "#0"},
				"west": {"uv": [8, 14, 8.5, 14.5], "texture": "#0"},
				"up": {"uv": [7, 13, 6, 12.5], "texture": "#0"},
				"down": {"uv": [8, 12.5, 7, 13], "texture": "#0"}
			}
		},
		{
			"from": [6.4, 4, 4],
			"to": [7.4, 4, 4],
			"faces": {
				"north": {"uv": [14.5, 5, 15, 5.5], "texture": "#0"},
				"east": {"uv": [5.5, 14.5, 6, 15], "texture": "#0"},
				"south": {"uv": [14.5, 5.5, 15, 6], "texture": "#0"},
				"west": {"uv": [6, 14.5, 6.5, 15], "texture": "#0"},
				"up": {"uv": [15, 6.5, 14.5, 6], "texture": "#0"},
				"down": {"uv": [7, 14.5, 6.5, 15], "texture": "#0"}
			}
		},
		{
			"from": [5.15, 4, 3.75],
			"to": [6.15, 4.25, 4],
			"faces": {
				"north": {"uv": [14.5, 11, 15, 11.5], "texture": "#0"},
				"east": {"uv": [11.5, 14.5, 12, 15], "texture": "#0"},
				"south": {"uv": [14.5, 11.5, 15, 12], "texture": "#0"},
				"west": {"uv": [12, 14.5, 12.5, 15], "texture": "#0"},
				"up": {"uv": [15, 12.5, 14.5, 12], "texture": "#0"},
				"down": {"uv": [13, 14.5, 12.5, 15], "texture": "#0"}
			}
		},
		{
			"from": [5.15, 5.75, 3.75],
			"to": [6.15, 6, 4],
			"faces": {
				"north": {"uv": [14.5, 9.5, 15, 10], "texture": "#0"},
				"east": {"uv": [10, 14.5, 10.5, 15], "texture": "#0"},
				"south": {"uv": [14.5, 10, 15, 10.5], "texture": "#0"},
				"west": {"uv": [10.5, 14.5, 11, 15], "texture": "#0"},
				"up": {"uv": [15, 11, 14.5, 10.5], "texture": "#0"},
				"down": {"uv": [11.5, 14.5, 11, 15], "texture": "#0"}
			}
		},
		{
			"from": [5.15, 5.75, 2],
			"to": [6.15, 6, 2.25],
			"faces": {
				"north": {"uv": [14.5, 8, 15, 8.5], "texture": "#0"},
				"east": {"uv": [8.5, 14.5, 9, 15], "texture": "#0"},
				"south": {"uv": [14.5, 8.5, 15, 9], "texture": "#0"},
				"west": {"uv": [9, 14.5, 9.5, 15], "texture": "#0"},
				"up": {"uv": [15, 9.5, 14.5, 9], "texture": "#0"},
				"down": {"uv": [10, 14.5, 9.5, 15], "texture": "#0"}
			}
		},
		{
			"from": [5.15, 5, 1.75],
			"to": [6.15, 5.75, 2.25],
			"faces": {
				"north": {"uv": [14.5, 12.5, 15, 13], "texture": "#0"},
				"east": {"uv": [13, 14.5, 13.5, 15], "texture": "#0"},
				"south": {"uv": [14.5, 13, 15, 13.5], "texture": "#0"},
				"west": {"uv": [13.5, 14.5, 14, 15], "texture": "#0"},
				"up": {"uv": [15, 14, 14.5, 13.5], "texture": "#0"},
				"down": {"uv": [14.5, 14.5, 14, 15], "texture": "#0"}
			}
		},
		{
			"from": [5.15, 4.25, 1.75],
			"to": [6.15, 5, 2.25],
			"faces": {
				"north": {"uv": [14.5, 14, 15, 14.5], "texture": "#0"},
				"east": {"uv": [14.5, 14.5, 15, 15], "texture": "#0"},
				"south": {"uv": [0, 15, 0.5, 15.5], "texture": "#0"},
				"west": {"uv": [15, 0, 15.5, 0.5], "texture": "#0"},
				"up": {"uv": [1, 15.5, 0.5, 15], "texture": "#0"},
				"down": {"uv": [15.5, 0.5, 15, 1], "texture": "#0"}
			}
		},
		{
			"from": [5.15, 5, 3.725],
			"to": [6.15, 5.75, 4.225],
			"faces": {
				"north": {"uv": [2.5, 15, 3, 15.5], "texture": "#0"},
				"east": {"uv": [15, 2.5, 15.5, 3], "texture": "#0"},
				"south": {"uv": [3, 15, 3.5, 15.5], "texture": "#0"},
				"west": {"uv": [15, 3, 15.5, 3.5], "texture": "#0"},
				"up": {"uv": [4, 15.5, 3.5, 15], "texture": "#0"},
				"down": {"uv": [15.5, 3.5, 15, 4], "texture": "#0"}
			}
		},
		{
			"from": [5.15, 4.25, 3.725],
			"to": [6.15, 5, 4.225],
			"faces": {
				"north": {"uv": [1, 15, 1.5, 15.5], "texture": "#0"},
				"east": {"uv": [15, 1, 15.5, 1.5], "texture": "#0"},
				"south": {"uv": [1.5, 15, 2, 15.5], "texture": "#0"},
				"west": {"uv": [15, 1.5, 15.5, 2], "texture": "#0"},
				"up": {"uv": [2.5, 15.5, 2, 15], "texture": "#0"},
				"down": {"uv": [15.5, 2, 15, 2.5], "texture": "#0"}
			}
		},
		{
			"from": [5.15, 4.975, 2.25],
			"to": [6.15, 6.225, 3],
			"faces": {
				"north": {"uv": [5.5, 15, 6, 15.5], "texture": "#0"},
				"east": {"uv": [15, 5.5, 15.5, 6], "texture": "#0"},
				"south": {"uv": [6, 15, 6.5, 15.5], "texture": "#0"},
				"west": {"uv": [15, 6, 15.5, 6.5], "texture": "#0"},
				"up": {"uv": [7, 15.5, 6.5, 15], "texture": "#0"},
				"down": {"uv": [15.5, 6.5, 15, 7], "texture": "#0"}
			}
		},
		{
			"from": [5.15, 4.975, 3],
			"to": [6.15, 6.225, 3.75],
			"faces": {
				"north": {"uv": [4, 15, 4.5, 15.5], "texture": "#0"},
				"east": {"uv": [15, 4, 15.5, 4.5], "texture": "#0"},
				"south": {"uv": [4.5, 15, 5, 15.5], "texture": "#0"},
				"west": {"uv": [15, 4.5, 15.5, 5], "texture": "#0"},
				"up": {"uv": [5.5, 15.5, 5, 15], "texture": "#0"},
				"down": {"uv": [15.5, 5, 15, 5.5], "texture": "#0"}
			}
		},
		{
			"from": [5.15, 3.725, 2.25],
			"to": [6.15, 4.975, 3],
			"faces": {
				"north": {"uv": [8.5, 15, 9, 15.5], "texture": "#0"},
				"east": {"uv": [15, 8.5, 15.5, 9], "texture": "#0"},
				"south": {"uv": [9, 15, 9.5, 15.5], "texture": "#0"},
				"west": {"uv": [15, 9, 15.5, 9.5], "texture": "#0"},
				"up": {"uv": [10, 15.5, 9.5, 15], "texture": "#0"},
				"down": {"uv": [15.5, 9.5, 15, 10], "texture": "#0"}
			}
		},
		{
			"from": [5.15, 3.725, 3],
			"to": [6.15, 4.975, 3.75],
			"faces": {
				"north": {"uv": [7, 15, 7.5, 15.5], "texture": "#0"},
				"east": {"uv": [15, 7, 15.5, 7.5], "texture": "#0"},
				"south": {"uv": [7.5, 15, 8, 15.5], "texture": "#0"},
				"west": {"uv": [15, 7.5, 15.5, 8], "texture": "#0"},
				"up": {"uv": [8.5, 15.5, 8, 15], "texture": "#0"},
				"down": {"uv": [15.5, 8, 15, 8.5], "texture": "#0"}
			}
		},
		{
			"from": [6.4, 4.25, 3.725],
			"to": [7.4, 5, 4.225],
			"faces": {
				"north": {"uv": [15.5, 9.5, 16, 10], "texture": "#0"},
				"east": {"uv": [10, 15.5, 10.5, 16], "texture": "#0"},
				"south": {"uv": [15.5, 10, 16, 10.5], "texture": "#0"},
				"west": {"uv": [10.5, 15.5, 11, 16], "texture": "#0"},
				"up": {"uv": [16, 11, 15.5, 10.5], "texture": "#0"},
				"down": {"uv": [11.5, 15.5, 11, 16], "texture": "#0"}
			}
		},
		{
			"from": [6.4, 4, 3.75],
			"to": [7.4, 4.25, 4],
			"faces": {
				"north": {"uv": [15.5, 8, 16, 8.5], "texture": "#0"},
				"east": {"uv": [8.5, 15.5, 9, 16], "texture": "#0"},
				"south": {"uv": [15.5, 8.5, 16, 9], "texture": "#0"},
				"west": {"uv": [9, 15.5, 9.5, 16], "texture": "#0"},
				"up": {"uv": [16, 9.5, 15.5, 9], "texture": "#0"},
				"down": {"uv": [10, 15.5, 9.5, 16], "texture": "#0"}
			}
		},
		{
			"from": [6.4, 5, 3.725],
			"to": [7.4, 5.75, 4.225],
			"faces": {
				"north": {"uv": [15.5, 6.5, 16, 7], "texture": "#0"},
				"east": {"uv": [7, 15.5, 7.5, 16], "texture": "#0"},
				"south": {"uv": [15.5, 7, 16, 7.5], "texture": "#0"},
				"west": {"uv": [7.5, 15.5, 8, 16], "texture": "#0"},
				"up": {"uv": [16, 8, 15.5, 7.5], "texture": "#0"},
				"down": {"uv": [8.5, 15.5, 8, 16], "texture": "#0"}
			}
		},
		{
			"from": [6.4, 4.975, 3],
			"to": [7.4, 6.225, 3.75],
			"faces": {
				"north": {"uv": [15.5, 3.5, 16, 4], "texture": "#0"},
				"east": {"uv": [4, 15.5, 4.5, 16], "texture": "#0"},
				"south": {"uv": [15.5, 4, 16, 4.5], "texture": "#0"},
				"west": {"uv": [4.5, 15.5, 5, 16], "texture": "#0"},
				"up": {"uv": [16, 5, 15.5, 4.5], "texture": "#0"},
				"down": {"uv": [5.5, 15.5, 5, 16], "texture": "#0"}
			}
		},
		{
			"from": [6.4, 4.975, 2.25],
			"to": [7.4, 6.225, 3],
			"faces": {
				"north": {"uv": [15.5, 11, 16, 11.5], "texture": "#0"},
				"east": {"uv": [11.5, 15.5, 12, 16], "texture": "#0"},
				"south": {"uv": [15.5, 11.5, 16, 12], "texture": "#0"},
				"west": {"uv": [12, 15.5, 12.5, 16], "texture": "#0"},
				"up": {"uv": [16, 12.5, 15.5, 12], "texture": "#0"},
				"down": {"uv": [13, 15.5, 12.5, 16], "texture": "#0"}
			}
		},
		{
			"from": [6.4, 5.75, 2],
			"to": [7.4, 6, 2.25],
			"faces": {
				"north": {"uv": [15.5, 2, 16, 2.5], "texture": "#0"},
				"east": {"uv": [2.5, 15.5, 3, 16], "texture": "#0"},
				"south": {"uv": [15.5, 2.5, 16, 3], "texture": "#0"},
				"west": {"uv": [3, 15.5, 3.5, 16], "texture": "#0"},
				"up": {"uv": [16, 3.5, 15.5, 3], "texture": "#0"},
				"down": {"uv": [4, 15.5, 3.5, 16], "texture": "#0"}
			}
		},
		{
			"from": [6.4, 5, 1.75],
			"to": [7.4, 5.75, 2.25],
			"faces": {
				"north": {"uv": [15.5, 0.5, 16, 1], "texture": "#0"},
				"east": {"uv": [1, 15.5, 1.5, 16], "texture": "#0"},
				"south": {"uv": [15.5, 1, 16, 1.5], "texture": "#0"},
				"west": {"uv": [1.5, 15.5, 2, 16], "texture": "#0"},
				"up": {"uv": [16, 2, 15.5, 1.5], "texture": "#0"},
				"down": {"uv": [2.5, 15.5, 2, 16], "texture": "#0"}
			}
		},
		{
			"from": [6.4, 4.25, 1.75],
			"to": [7.4, 5, 2.25],
			"faces": {
				"north": {"uv": [14.5, 15, 15, 15.5], "texture": "#0"},
				"east": {"uv": [15, 14.5, 15.5, 15], "texture": "#0"},
				"south": {"uv": [15, 15, 15.5, 15.5], "texture": "#0"},
				"west": {"uv": [0, 15.5, 0.5, 16], "texture": "#0"},
				"up": {"uv": [16, 0.5, 15.5, 0], "texture": "#0"},
				"down": {"uv": [1, 15.5, 0.5, 16], "texture": "#0"}
			}
		},
		{
			"from": [6.4, 4, 2],
			"to": [7.4, 4.25, 2.25],
			"faces": {
				"north": {"uv": [13, 15, 13.5, 15.5], "texture": "#0"},
				"east": {"uv": [15, 13, 15.5, 13.5], "texture": "#0"},
				"south": {"uv": [13.5, 15, 14, 15.5], "texture": "#0"},
				"west": {"uv": [15, 13.5, 15.5, 14], "texture": "#0"},
				"up": {"uv": [14.5, 15.5, 14, 15], "texture": "#0"},
				"down": {"uv": [15.5, 14, 15, 14.5], "texture": "#0"}
			}
		},
		{
			"from": [6.4, 3.725, 2.25],
			"to": [7.4, 4.975, 3],
			"faces": {
				"north": {"uv": [11.5, 15, 12, 15.5], "texture": "#0"},
				"east": {"uv": [15, 11.5, 15.5, 12], "texture": "#0"},
				"south": {"uv": [12, 15, 12.5, 15.5], "texture": "#0"},
				"west": {"uv": [15, 12, 15.5, 12.5], "texture": "#0"},
				"up": {"uv": [13, 15.5, 12.5, 15], "texture": "#0"},
				"down": {"uv": [15.5, 12.5, 15, 13], "texture": "#0"}
			}
		},
		{
			"from": [6.4, 3.725, 3],
			"to": [7.4, 4.975, 3.75],
			"faces": {
				"north": {"uv": [10, 15, 10.5, 15.5], "texture": "#0"},
				"east": {"uv": [15, 10, 15.5, 10.5], "texture": "#0"},
				"south": {"uv": [10.5, 15, 11, 15.5], "texture": "#0"},
				"west": {"uv": [15, 10.5, 15.5, 11], "texture": "#0"},
				"up": {"uv": [11.5, 15.5, 11, 15], "texture": "#0"},
				"down": {"uv": [15.5, 11, 15, 11.5], "texture": "#0"}
			}
		},
		{
			"from": [5.15, 4, 2],
			"to": [6.15, 4.25, 2.25],
			"faces": {
				"north": {"uv": [14.5, 6.5, 15, 7], "texture": "#0"},
				"east": {"uv": [7, 14.5, 7.5, 15], "texture": "#0"},
				"south": {"uv": [14.5, 7, 15, 7.5], "texture": "#0"},
				"west": {"uv": [7.5, 14.5, 8, 15], "texture": "#0"},
				"up": {"uv": [15, 8, 14.5, 7.5], "texture": "#0"},
				"down": {"uv": [8.5, 14.5, 8, 15], "texture": "#0"}
			}
		},
		{
			"from": [6.4, 5.75, 3.75],
			"to": [7.4, 6, 4],
			"faces": {
				"north": {"uv": [14.5, 0, 15, 0.5], "texture": "#0"},
				"east": {"uv": [0.5, 14.5, 1, 15], "texture": "#0"},
				"south": {"uv": [14.5, 0.5, 15, 1], "texture": "#0"},
				"west": {"uv": [1, 14.5, 1.5, 15], "texture": "#0"},
				"up": {"uv": [2, 15, 1.5, 14.5], "texture": "#0"},
				"down": {"uv": [2.5, 14.5, 2, 15], "texture": "#0"}
			}
		},
		{
			"from": [5.65, 4, 3],
			"to": [7.15, 5, 4],
			"faces": {
				"north": {"uv": [13, 0, 14, 0.5], "texture": "#0"},
				"east": {"uv": [14, 9, 14.5, 9.5], "texture": "#0"},
				"south": {"uv": [13, 0.5, 14, 1], "texture": "#0"},
				"west": {"uv": [9.5, 14, 10, 14.5], "texture": "#0"},
				"up": {"uv": [2, 13.5, 1, 13], "texture": "#0"},
				"down": {"uv": [14, 1, 13, 1.5], "texture": "#0"}
			}
		},
		{
			"from": [5.65, 4, 4],
			"to": [7.15, 5, 5],
			"faces": {
				"north": {"uv": [7, 13, 8, 13.5], "texture": "#0"},
				"east": {"uv": [13, 14, 13.5, 14.5], "texture": "#0"},
				"south": {"uv": [13, 7, 14, 7.5], "texture": "#0"},
				"west": {"uv": [13.5, 14, 14, 14.5], "texture": "#0"},
				"up": {"uv": [14, 8, 13, 7.5], "texture": "#0"},
				"down": {"uv": [9, 13, 8, 13.5], "texture": "#0"}
			}
		},
		{
			"from": [5.65, 5, 4],
			"to": [7.15, 6, 5],
			"faces": {
				"north": {"uv": [13, 8, 14, 8.5], "texture": "#0"},
				"east": {"uv": [14, 13.5, 14.5, 14], "texture": "#0"},
				"south": {"uv": [13, 8.5, 14, 9], "texture": "#0"},
				"west": {"uv": [14, 14, 14.5, 14.5], "texture": "#0"},
				"up": {"uv": [10, 13.5, 9, 13], "texture": "#0"},
				"down": {"uv": [14, 9, 13, 9.5], "texture": "#0"}
			}
		},
		{
			"from": [5.65, 3, 2],
			"to": [7.15, 4, 3],
			"faces": {
				"north": {"uv": [3, 13, 4, 13.5], "texture": "#0"},
				"east": {"uv": [11, 14, 11.5, 14.5], "texture": "#0"},
				"south": {"uv": [13, 3, 14, 3.5], "texture": "#0"},
				"west": {"uv": [11.5, 14, 12, 14.5], "texture": "#0"},
				"up": {"uv": [14, 4, 13, 3.5], "texture": "#0"},
				"down": {"uv": [5, 13, 4, 13.5], "texture": "#0"}
			}
		},
		{
			"from": [5.65, 3, 3],
			"to": [7.15, 4, 4],
			"faces": {
				"north": {"uv": [13, 1.5, 14, 2], "texture": "#0"},
				"east": {"uv": [14, 9.5, 14.5, 10], "texture": "#0"},
				"south": {"uv": [2, 13, 3, 13.5], "texture": "#0"},
				"west": {"uv": [14, 10.5, 14.5, 11], "texture": "#0"},
				"up": {"uv": [14, 2.5, 13, 2], "texture": "#0"},
				"down": {"uv": [14, 2.5, 13, 3], "texture": "#0"}
			}
		},
		{
			"from": [5.65, 5, 2],
			"to": [7.15, 6, 3],
			"faces": {
				"north": {"uv": [8, 12.5, 9, 13], "texture": "#0"},
				"east": {"uv": [14, 8, 14.5, 8.5], "texture": "#0"},
				"south": {"uv": [9, 12.5, 10, 13], "texture": "#0"},
				"west": {"uv": [8.5, 14, 9, 14.5], "texture": "#0"},
				"up": {"uv": [11, 13, 10, 12.5], "texture": "#0"},
				"down": {"uv": [13.5, 10, 12.5, 10.5], "texture": "#0"}
			}
		},
		{
			"from": [5.65, 4, 2],
			"to": [7.15, 5, 3],
			"faces": {
				"north": {"uv": [11, 12.5, 12, 13], "texture": "#0"},
				"east": {"uv": [14, 8.5, 14.5, 9], "texture": "#0"},
				"south": {"uv": [12.5, 11, 13.5, 11.5], "texture": "#0"},
				"west": {"uv": [9, 14, 9.5, 14.5], "texture": "#0"},
				"up": {"uv": [13, 13, 12, 12.5], "texture": "#0"},
				"down": {"uv": [1, 13, 0, 13.5], "texture": "#0"}
			}
		},
		{
			"from": [5.65, 4, 1],
			"to": [7.15, 5, 2],
			"faces": {
				"north": {"uv": [13, 4, 14, 4.5], "texture": "#0"},
				"east": {"uv": [14, 11.5, 14.5, 12], "texture": "#0"},
				"south": {"uv": [13, 4.5, 14, 5], "texture": "#0"},
				"west": {"uv": [12, 14, 12.5, 14.5], "texture": "#0"},
				"up": {"uv": [6, 13.5, 5, 13], "texture": "#0"},
				"down": {"uv": [14, 5, 13, 5.5], "texture": "#0"}
			}
		},
		{
			"from": [5.65, 5, 1],
			"to": [7.15, 6, 2],
			"faces": {
				"north": {"uv": [13, 5.5, 14, 6], "texture": "#0"},
				"east": {"uv": [14, 12, 14.5, 12.5], "texture": "#0"},
				"south": {"uv": [6, 13, 7, 13.5], "texture": "#0"},
				"west": {"uv": [14, 12.5, 14.5, 13], "texture": "#0"},
				"up": {"uv": [14, 6.5, 13, 6], "texture": "#0"},
				"down": {"uv": [14, 6.5, 13, 7], "texture": "#0"}
			}
		},
		{
			"from": [5.65, 2, 4],
			"to": [7.15, 3, 5],
			"faces": {
				"north": {"uv": [2, 12, 3, 12.5], "texture": "#0"},
				"east": {"uv": [14, 2.5, 14.5, 3], "texture": "#0"},
				"south": {"uv": [12, 2, 13, 2.5], "texture": "#0"},
				"west": {"uv": [3, 14, 3.5, 14.5], "texture": "#0"},
				"up": {"uv": [13, 3, 12, 2.5], "texture": "#0"},
				"down": {"uv": [4, 12, 3, 12.5], "texture": "#0"}
			}
		},
		{
			"from": [5.65, 1, 5],
			"to": [7.15, 2, 6],
			"faces": {
				"north": {"uv": [12, 4.5, 13, 5], "texture": "#0"},
				"east": {"uv": [14, 3.5, 14.5, 4], "texture": "#0"},
				"south": {"uv": [5, 12, 6, 12.5], "texture": "#0"},
				"west": {"uv": [14, 4, 14.5, 4.5], "texture": "#0"},
				"up": {"uv": [13, 5.5, 12, 5], "texture": "#0"},
				"down": {"uv": [13, 5.5, 12, 6], "texture": "#0"}
			}
		},
		{
			"from": [5.65, 8, 5],
			"to": [7.15, 9, 6],
			"faces": {
				"north": {"uv": [6, 12, 7, 12.5], "texture": "#0"},
				"east": {"uv": [14, 4.5, 14.5, 5], "texture": "#0"},
				"south": {"uv": [12, 6, 13, 6.5], "texture": "#0"},
				"west": {"uv": [5, 14, 5.5, 14.5], "texture": "#0"},
				"up": {"uv": [13, 7, 12, 6.5], "texture": "#0"},
				"down": {"uv": [8, 12, 7, 12.5], "texture": "#0"}
			}
		},
		{
			"from": [5.65, 8, 0],
			"to": [7.15, 9, 1],
			"faces": {
				"north": {"uv": [12, 7, 13, 7.5], "texture": "#0"},
				"east": {"uv": [14, 5, 14.5, 5.5], "texture": "#0"},
				"south": {"uv": [12, 7.5, 13, 8], "texture": "#0"},
				"west": {"uv": [5.5, 14, 6, 14.5], "texture": "#0"},
				"up": {"uv": [9, 12.5, 8, 12], "texture": "#0"},
				"down": {"uv": [13, 8, 12, 8.5], "texture": "#0"}
			}
		},
		{
			"from": [5.65, 1, 0],
			"to": [7.15, 2, 1],
			"faces": {
				"north": {"uv": [12, 8.5, 13, 9], "texture": "#0"},
				"east": {"uv": [14, 5.5, 14.5, 6], "texture": "#0"},
				"south": {"uv": [9, 12, 10, 12.5], "texture": "#0"},
				"west": {"uv": [6, 14, 6.5, 14.5], "texture": "#0"},
				"up": {"uv": [13, 9.5, 12, 9], "texture": "#0"},
				"down": {"uv": [13, 9.5, 12, 10], "texture": "#0"}
			}
		},
		{
			"from": [5.65, 8, 3],
			"to": [7.15, 10, 5],
			"faces": {
				"north": {"uv": [1, 8.5, 2, 9.5], "texture": "#0"},
				"east": {"uv": [2, 8.5, 3, 9.5], "texture": "#0"},
				"south": {"uv": [0, 9, 1, 10], "texture": "#0"},
				"west": {"uv": [9, 0, 10, 1], "texture": "#0"},
				"up": {"uv": [10, 2, 9, 1], "texture": "#0"},
				"down": {"uv": [10, 2, 9, 3], "texture": "#0"}
			}
		},
		{
			"from": [5.65, 6, 5],
			"to": [7.15, 8, 7],
			"faces": {
				"north": {"uv": [8, 5, 9, 6], "texture": "#0"},
				"east": {"uv": [6, 8, 7, 9], "texture": "#0"},
				"south": {"uv": [8, 6, 9, 7], "texture": "#0"},
				"west": {"uv": [7, 8, 8, 9], "texture": "#0"},
				"up": {"uv": [9, 8, 8, 7], "texture": "#0"},
				"down": {"uv": [9, 8, 8, 9], "texture": "#0"}
			}
		},
		{
			"from": [5.65, 4, 6],
			"to": [7.15, 6, 8],
			"faces": {
				"north": {"uv": [8, 2, 9, 3], "texture": "#0"},
				"east": {"uv": [3, 8, 4, 9], "texture": "#0"},
				"south": {"uv": [8, 3, 9, 4], "texture": "#0"},
				"west": {"uv": [4, 8, 5, 9], "texture": "#0"},
				"up": {"uv": [9, 5, 8, 4], "texture": "#0"},
				"down": {"uv": [6, 8, 5, 9], "texture": "#0"}
			}
		},
		{
			"from": [5.65, 2, 5],
			"to": [7.15, 4, 7],
			"faces": {
				"north": {"uv": [7, 7, 8, 8], "texture": "#0"},
				"east": {"uv": [1, 7.5, 2, 8.5], "texture": "#0"},
				"south": {"uv": [2, 7.5, 3, 8.5], "texture": "#0"},
				"west": {"uv": [0, 8, 1, 9], "texture": "#0"},
				"up": {"uv": [9, 1, 8, 0], "texture": "#0"},
				"down": {"uv": [9, 1, 8, 2], "texture": "#0"}
			}
		},
		{
			"from": [5.65, 7, 1],
			"to": [7.15, 8, 2],
			"faces": {
				"north": {"uv": [12, 0, 13, 0.5], "texture": "#0"},
				"east": {"uv": [14, 2, 14.5, 2.5], "texture": "#0"},
				"south": {"uv": [12, 0.5, 13, 1], "texture": "#0"},
				"west": {"uv": [2.5, 14, 3, 14.5], "texture": "#0"},
				"up": {"uv": [13, 1.5, 12, 1], "texture": "#0"},
				"down": {"uv": [13, 1.5, 12, 2], "texture": "#0"}
			}
		},
		{
			"from": [5.65, 7, 4],
			"to": [7.15, 8, 5],
			"faces": {
				"north": {"uv": [10, 11.5, 11, 12], "texture": "#0"},
				"east": {"uv": [0.5, 14, 1, 14.5], "texture": "#0"},
				"south": {"uv": [11, 11.5, 12, 12], "texture": "#0"},
				"west": {"uv": [2, 14, 2.5, 14.5], "texture": "#0"},
				"up": {"uv": [12.5, 11.5, 11.5, 11], "texture": "#0"},
				"down": {"uv": [1, 12, 0, 12.5], "texture": "#0"}
			}
		},
		{
			"from": [5.65, 4, -2],
			"to": [7.15, 6, 0],
			"faces": {
				"north": {"uv": [4, 2, 5, 3], "texture": "#0"},
				"east": {"uv": [3, 4, 4, 5], "texture": "#0"},
				"south": {"uv": [4, 3, 5, 4], "texture": "#0"},
				"west": {"uv": [4, 4, 5, 5], "texture": "#0"},
				"up": {"uv": [2, 5.5, 1, 4.5], "texture": "#0"},
				"down": {"uv": [3, 4.5, 2, 5.5], "texture": "#0"}
			}
		},
		{
			"from": [5.65, 6, -1],
			"to": [7.15, 8, 1],
			"faces": {
				"north": {"uv": [4, 5, 5, 6], "texture": "#0"},
				"east": {"uv": [5, 4, 6, 5], "texture": "#0"},
				"south": {"uv": [5, 5, 6, 6], "texture": "#0"},
				"west": {"uv": [1, 5.5, 2, 6.5], "texture": "#0"},
				"up": {"uv": [3, 6.5, 2, 5.5], "texture": "#0"},
				"down": {"uv": [1, 6, 0, 7], "texture": "#0"}
			}
		},
		{
			"from": [5.65, 8, 1],
			"to": [7.15, 10, 3],
			"faces": {
				"north": {"uv": [0, 5, 1, 6], "texture": "#0"},
				"east": {"uv": [5, 0, 6, 1], "texture": "#0"},
				"south": {"uv": [5, 1, 6, 2], "texture": "#0"},
				"west": {"uv": [5, 2, 6, 3], "texture": "#0"},
				"up": {"uv": [4, 6, 3, 5], "texture": "#0"},
				"down": {"uv": [6, 3, 5, 4], "texture": "#0"}
			}
		},
		{
			"from": [5.65, 0, 1],
			"to": [7.15, 2, 3],
			"faces": {
				"north": {"uv": [10, 6, 11, 7], "texture": "#0"},
				"east": {"uv": [7, 10, 8, 11], "texture": "#0"},
				"south": {"uv": [10, 7, 11, 8], "texture": "#0"},
				"west": {"uv": [8, 10, 9, 11], "texture": "#0"},
				"up": {"uv": [11, 9, 10, 8], "texture": "#0"},
				"down": {"uv": [10, 10, 9, 11], "texture": "#0"}
			}
		},
		{
			"from": [5.65, 0, 3],
			"to": [7.15, 2, 5],
			"faces": {
				"north": {"uv": [10, 9, 11, 10], "texture": "#0"},
				"east": {"uv": [10, 10, 11, 11], "texture": "#0"},
				"south": {"uv": [1, 10.5, 2, 11.5], "texture": "#0"},
				"west": {"uv": [2, 10.5, 3, 11.5], "texture": "#0"},
				"up": {"uv": [1, 12, 0, 11], "texture": "#0"},
				"down": {"uv": [12, 0, 11, 1], "texture": "#0"}
			}
		},
		{
			"from": [5.65, 10, 2],
			"to": [7.15, 12, 4],
			"faces": {
				"north": {"uv": [4, 7, 5, 8], "texture": "#0"},
				"east": {"uv": [7, 4, 8, 5], "texture": "#0"},
				"south": {"uv": [5, 7, 6, 8], "texture": "#0"},
				"west": {"uv": [7, 5, 8, 6], "texture": "#0"},
				"up": {"uv": [7, 8, 6, 7], "texture": "#0"},
				"down": {"uv": [8, 6, 7, 7], "texture": "#0"}
			}
		},
		{
			"from": [5.65, 23, 2],
			"to": [7.15, 25, 4],
			"faces": {
				"north": {"uv": [10, 2, 11, 3], "texture": "#0"},
				"east": {"uv": [3, 10, 4, 11], "texture": "#0"},
				"south": {"uv": [10, 3, 11, 4], "texture": "#0"},
				"west": {"uv": [4, 10, 5, 11], "texture": "#0"},
				"up": {"uv": [11, 5, 10, 4], "texture": "#0"},
				"down": {"uv": [6, 10, 5, 11], "texture": "#0"}
			}
		},
		{
			"from": [5.4, 10, 2.5],
			"to": [7.4, 12, 3.5],
			"faces": {
				"north": {"uv": [9, 11, 10, 12], "texture": "#0"},
				"east": {"uv": [0, 14, 0.5, 15], "texture": "#0"},
				"south": {"uv": [11, 9, 12, 10], "texture": "#0"},
				"west": {"uv": [14, 0, 14.5, 1], "texture": "#0"},
				"up": {"uv": [15, 1.5, 14, 1], "texture": "#0"},
				"down": {"uv": [15, 1.5, 14, 2], "texture": "#0"}
			}
		},
		{
			"from": [5.4, 12, 2.5],
			"to": [7.4, 14, 3.5],
			"faces": {
				"north": {"uv": [8, 11, 9, 12], "texture": "#0"},
				"east": {"uv": [13.5, 12, 14, 13], "texture": "#0"},
				"south": {"uv": [11, 8, 12, 9], "texture": "#0"},
				"west": {"uv": [12.5, 13.5, 13, 14.5], "texture": "#0"},
				"up": {"uv": [14, 14, 13, 13.5], "texture": "#0"},
				"down": {"uv": [14.5, 13, 13.5, 13.5], "texture": "#0"}
			}
		},
		{
			"from": [5.4, 14, 2.5],
			"to": [7.4, 16, 3.5],
			"faces": {
				"north": {"uv": [7, 11, 8, 12], "texture": "#0"},
				"east": {"uv": [10, 13.5, 10.5, 14.5], "texture": "#0"},
				"south": {"uv": [11, 7, 12, 8], "texture": "#0"},
				"west": {"uv": [10.5, 13.5, 11, 14.5], "texture": "#0"},
				"up": {"uv": [14.5, 10.5, 13.5, 10], "texture": "#0"},
				"down": {"uv": [14.5, 11, 13.5, 11.5], "texture": "#0"}
			}
		},
		{
			"from": [5.4, 16, 2.5],
			"to": [7.4, 18, 3.5],
			"faces": {
				"north": {"uv": [6, 11, 7, 12], "texture": "#0"},
				"east": {"uv": [7, 13.5, 7.5, 14.5], "texture": "#0"},
				"south": {"uv": [11, 6, 12, 7], "texture": "#0"},
				"west": {"uv": [7.5, 13.5, 8, 14.5], "texture": "#0"},
				"up": {"uv": [9, 14, 8, 13.5], "texture": "#0"},
				"down": {"uv": [10, 13.5, 9, 14], "texture": "#0"}
			}
		},
		{
			"from": [5.4, 16.25, 3.5],
			"to": [7.4, 17.5, 7.5],
			"rotation": {"angle": 0, "axis": "x", "origin": [0, 20, -12.5]},
			"faces": {
				"north": {"uv": [10, 13.5, 9, 14], "rotation": 180, "texture": "#0"},
				"east": {"uv": [7, 13.5, 7.5, 14.5], "rotation": 270, "texture": "#0"},
				"south": {"uv": [9, 14, 8, 13.5], "texture": "#0"},
				"west": {"uv": [7.5, 13.5, 8, 14.5], "rotation": 90, "texture": "#0"},
				"up": {"uv": [6, 11, 7, 12], "rotation": 180, "texture": "#0"},
				"down": {"uv": [11, 6, 12, 7], "texture": "#0"}
			}
		},
		{
			"from": [5.4, 20, 3.5],
			"to": [7.4, 20.75, 6],
			"rotation": {"angle": 0, "axis": "y", "origin": [0, 23.5, -12.5]},
			"faces": {
				"north": {"uv": [10, 13.5, 9, 14], "rotation": 180, "texture": "#0"},
				"east": {"uv": [7, 13.5, 7.5, 14.5], "rotation": 270, "texture": "#0"},
				"south": {"uv": [9, 14, 8, 13.5], "texture": "#0"},
				"west": {"uv": [7.5, 13.5, 8, 14.5], "rotation": 90, "texture": "#0"},
				"up": {"uv": [6, 11, 7, 12], "rotation": 180, "texture": "#0"},
				"down": {"uv": [11, 6, 12, 7], "texture": "#0"}
			}
		},
		{
			"from": [5.4, 18, 2.5],
			"to": [7.4, 19, 3.5],
			"faces": {
				"north": {"uv": [5, 11, 6, 12], "texture": "#0"},
				"east": {"uv": [4, 13.5, 4.5, 14.5], "texture": "#0"},
				"south": {"uv": [11, 5, 12, 6], "texture": "#0"},
				"west": {"uv": [4.5, 13.5, 5, 14.5], "texture": "#0"},
				"up": {"uv": [6, 14, 5, 13.5], "texture": "#0"},
				"down": {"uv": [7, 13.5, 6, 14], "texture": "#0"}
			}
		},
		{
			"from": [5.4, 19, 2.5],
			"to": [7.4, 21, 3.5],
			"faces": {
				"north": {"uv": [4, 11, 5, 12], "texture": "#0"},
				"east": {"uv": [1, 13.5, 1.5, 14.5], "texture": "#0"},
				"south": {"uv": [11, 4, 12, 5], "texture": "#0"},
				"west": {"uv": [1.5, 13.5, 2, 14.5], "texture": "#0"},
				"up": {"uv": [3, 14, 2, 13.5], "texture": "#0"},
				"down": {"uv": [4, 13.5, 3, 14], "texture": "#0"}
			}
		},
		{
			"from": [5.4, 21, 2.5],
			"to": [7.4, 23, 3.5],
			"faces": {
				"north": {"uv": [3, 11, 4, 12], "texture": "#0"},
				"east": {"uv": [12, 13, 12.5, 14], "texture": "#0"},
				"south": {"uv": [11, 3, 12, 4], "texture": "#0"},
				"west": {"uv": [13, 12, 13.5, 13], "texture": "#0"},
				"up": {"uv": [13.5, 13.5, 12.5, 13], "texture": "#0"},
				"down": {"uv": [1, 13.5, 0, 14], "texture": "#0"}
			}
		},
		{
			"from": [5.4, 23, 2.5],
			"to": [7.4, 24.5, 3.5],
			"faces": {
				"north": {"uv": [11, 1, 12, 2], "texture": "#0"},
				"east": {"uv": [11, 13, 11.5, 14], "texture": "#0"},
				"south": {"uv": [11, 2, 12, 3], "texture": "#0"},
				"west": {"uv": [11.5, 13, 12, 14], "texture": "#0"},
				"up": {"uv": [14, 11, 13, 10.5], "texture": "#0"},
				"down": {"uv": [14, 11.5, 13, 12], "texture": "#0"}
			}
		},
		{
			"from": [5.65, 23, 2],
			"to": [7.15, 26, 3],
			"faces": {
				"north": {"uv": [3, 0, 4, 1.5], "texture": "#0"},
				"east": {"uv": [1, 11.5, 1.5, 13], "texture": "#0"},
				"south": {"uv": [3, 1.5, 4, 3], "texture": "#0"},
				"west": {"uv": [1.5, 11.5, 2, 13], "texture": "#0"},
				"up": {"uv": [14, 10, 13, 9.5], "texture": "#0"},
				"down": {"uv": [11, 13, 10, 13.5], "texture": "#0"}
			}
		},
		{
			"from": [5.65, 21, 2],
			"to": [7.15, 23, 4],
			"faces": {
				"north": {"uv": [9, 9, 10, 10], "texture": "#0"},
				"east": {"uv": [1, 9.5, 2, 10.5], "texture": "#0"},
				"south": {"uv": [2, 9.5, 3, 10.5], "texture": "#0"},
				"west": {"uv": [0, 10, 1, 11], "texture": "#0"},
				"up": {"uv": [11, 1, 10, 0], "texture": "#0"},
				"down": {"uv": [11, 1, 10, 2], "texture": "#0"}
			}
		},
		{
			"from": [5.65, 19.75, 4],
			"to": [7.15, 21, 6.5],
			"faces": {
				"north": {"uv": [11, 10.5, 12, 11], "texture": "#0"},
				"east": {"uv": [10, 11, 11.5, 11.5], "texture": "#0"},
				"south": {"uv": [2, 11.5, 3, 12], "texture": "#0"},
				"west": {"uv": [11, 10, 12.5, 10.5], "texture": "#0"},
				"up": {"uv": [2, 3.5, 1, 2], "texture": "#0"},
				"down": {"uv": [3, 2, 2, 3.5], "texture": "#0"}
			}
		},
		{
			"from": [5.65, 16, 4],
			"to": [7.15, 17.75, 8],
			"faces": {
				"north": {"uv": [10, 5, 11, 6], "texture": "#0"},
				"east": {"uv": [0, 0, 2, 1], "texture": "#0"},
				"south": {"uv": [6, 10, 7, 11], "texture": "#0"},
				"west": {"uv": [0, 1, 2, 2], "texture": "#0"},
				"up": {"uv": [1, 4, 0, 2], "texture": "#0"},
				"down": {"uv": [3, 0, 2, 2], "texture": "#0"}
			}
		},
		{
			"from": [5.65, 19, 2],
			"to": [7.15, 21, 4],
			"faces": {
				"north": {"uv": [6, 9, 7, 10], "texture": "#0"},
				"east": {"uv": [9, 6, 10, 7], "texture": "#0"},
				"south": {"uv": [7, 9, 8, 10], "texture": "#0"},
				"west": {"uv": [9, 7, 10, 8], "texture": "#0"},
				"up": {"uv": [9, 10, 8, 9], "texture": "#0"},
				"down": {"uv": [10, 8, 9, 9], "texture": "#0"}
			}
		},
		{
			"from": [5.65, 18, 2],
			"to": [7.15, 19, 4],
			"faces": {
				"north": {"uv": [3, 9, 4, 10], "texture": "#0"},
				"east": {"uv": [9, 3, 10, 4], "texture": "#0"},
				"south": {"uv": [4, 9, 5, 10], "texture": "#0"},
				"west": {"uv": [9, 4, 10, 5], "texture": "#0"},
				"up": {"uv": [6, 10, 5, 9], "texture": "#0"},
				"down": {"uv": [10, 5, 9, 6], "texture": "#0"}
			}
		},
		{
			"from": [5.65, 12, 2],
			"to": [7.15, 14, 4],
			"faces": {
				"north": {"uv": [0, 7, 1, 8], "texture": "#0"},
				"east": {"uv": [7, 0, 8, 1], "texture": "#0"},
				"south": {"uv": [7, 1, 8, 2], "texture": "#0"},
				"west": {"uv": [7, 2, 8, 3], "texture": "#0"},
				"up": {"uv": [4, 8, 3, 7], "texture": "#0"},
				"down": {"uv": [8, 3, 7, 4], "texture": "#0"}
			}
		},
		{
			"from": [5.65, 14, 2],
			"to": [7.15, 16, 4],
			"faces": {
				"north": {"uv": [6, 4, 7, 5], "texture": "#0"},
				"east": {"uv": [5, 6, 6, 7], "texture": "#0"},
				"south": {"uv": [6, 5, 7, 6], "texture": "#0"},
				"west": {"uv": [6, 6, 7, 7], "texture": "#0"},
				"up": {"uv": [2, 7.5, 1, 6.5], "texture": "#0"},
				"down": {"uv": [3, 6.5, 2, 7.5], "texture": "#0"}
			}
		},
		{
			"from": [5.65, 16, 2],
			"to": [7.15, 18, 4],
			"faces": {
				"north": {"uv": [6, 0, 7, 1], "texture": "#0"},
				"east": {"uv": [6, 1, 7, 2], "texture": "#0"},
				"south": {"uv": [6, 2, 7, 3], "texture": "#0"},
				"west": {"uv": [3, 6, 4, 7], "texture": "#0"},
				"up": {"uv": [7, 4, 6, 3], "texture": "#0"},
				"down": {"uv": [5, 6, 4, 7], "texture": "#0"}
			}
		}
	],
	"display": {
		"thirdperson_righthand": {
			"rotation": [-164.11, 2.77, -178.02],
			"translation": [-0.25, 2, -0.75],
			"scale": [0.36719, 0.28, 0.33906]
		},
		"thirdperson_lefthand": {
			"rotation": [-158.42, -4.29, 173.78],
			"translation": [0.75, 2.25, -0.25],
			"scale": [0.42578, 0.24219, 0.25586]
		},
		"firstperson_righthand": {
			"rotation": [102.65, 1.73, 173.22],
			"translation": [-3.75, -2.5, 0],
			"scale": [0.92188, 0.70508, 0.91016]
		},
		"firstperson_lefthand": {
			"rotation": [101, 0, 169],
			"translation": [0.5, -1.5, 0],
			"scale": [1, 0.54102, 0.81055]
		},
		"ground": {
			"scale": [0.73828, 0.41406, 0.43164]
		},
		"gui": {
			"rotation": [93.24, 47.34, -92.42],
			"translation": [0.75, -3.25, 0],
			"scale": [0.49219, 0.44336, 0.48633]
		},
		"head": {
			"translation": [0, 12.25, 8]
		},
		"fixed": {
			"rotation": [90.57, -46.79, 87.39],
			"translation": [0, -2.75, 0.75],
			"scale": [0.57031, 0.44336, 0.52344]
		}
	}
}