{
	"credit": "Made with Blockbench",
	"texture_size": [32, 32],
	"textures": {
		"0": "colors/colors",
		"particle": "colors/colors"
	},
	"elements": [
		{
			"from": [5, 11, 9],
			"to": [6, 13, 11],
			"faces": {
				"north": {"uv": [7.5, 7, 8, 8], "texture": "#0"},
				"east": {"uv": [2.5, 7, 3.5, 8], "texture": "#0"},
				"south": {"uv": [8, 0, 8.5, 1], "texture": "#0"},
				"west": {"uv": [7, 4.5, 8, 5.5], "texture": "#0"},
				"up": {"uv": [8.5, 2, 8, 1], "texture": "#0"},
				"down": {"uv": [8.5, 2, 8, 3], "texture": "#0"}
			}
		},
		{
			"from": [6, 11, 2],
			"to": [7, 14, 8],
			"faces": {
				"north": {"uv": [7, 7, 7.5, 8.5], "texture": "#0"},
				"east": {"uv": [3.5, 0, 6.5, 1.5], "texture": "#0"},
				"south": {"uv": [7.5, 0, 8, 1.5], "texture": "#0"},
				"west": {"uv": [3.5, 1.5, 6.5, 3], "texture": "#0"},
				"up": {"uv": [1, 10, 0.5, 7], "texture": "#0"},
				"down": {"uv": [1.5, 7, 1, 10], "texture": "#0"}
			}
		},
		{
			"from": [6, 10, 8],
			"to": [7, 14, 11],
			"faces": {
				"north": {"uv": [1.5, 7, 2, 9], "texture": "#0"},
				"east": {"uv": [3.5, 6, 5, 8], "texture": "#0"},
				"south": {"uv": [2, 7, 2.5, 9], "texture": "#0"},
				"west": {"uv": [5, 6, 6.5, 8], "texture": "#0"},
				"up": {"uv": [7.5, 7, 7, 5.5], "texture": "#0"},
				"down": {"uv": [7, 7, 6.5, 8.5], "texture": "#0"}
			}
		},
		{
			"from": [7, 9, 6],
			"to": [8, 16, 13],
			"faces": {
				"north": {"uv": [6.5, 0, 7, 3.5], "texture": "#0"},
				"east": {"uv": [0, 0, 3.5, 3.5], "texture": "#0"},
				"south": {"uv": [6.5, 3.5, 7, 7], "texture": "#0"},
				"west": {"uv": [0, 3.5, 3.5, 7], "texture": "#0"},
				"up": {"uv": [0.5, 10.5, 0, 7], "texture": "#0"},
				"down": {"uv": [7.5, 0, 7, 3.5], "texture": "#0"}
			}
		},
		{
			"from": [7, 11, 2],
			"to": [13, 14, 3],
			"faces": {
				"north": {"uv": [3.5, 3, 6.5, 4.5], "texture": "#0"},
				"east": {"uv": [7.5, 1.5, 8, 3], "texture": "#0"},
				"south": {"uv": [3.5, 4.5, 6.5, 6], "texture": "#0"},
				"west": {"uv": [7.5, 5.5, 8, 7], "texture": "#0"},
				"up": {"uv": [10, 4, 7, 3.5], "texture": "#0"},
				"down": {"uv": [10, 4, 7, 4.5], "texture": "#0"}
			}
		}
	],
	"display": {
		"firstperson_righthand": {
			"translation": [0.5, 0, 0]
		},
		"gui": {
			"rotation": [0, -93, 0],
			"translation": [0, -3.25, 0]
		},
		"head": {
			"translation": [-6.25, -4.75, -1.25]
		},
		"fixed": {
			"translation": [0, -3, 0]
		}
	},
	"groups": [
		{
			"name": "cradle",
			"origin": [8, 8, 8],
			"color": 0,
			"children": [
				0,
				1,
				2,
				3,
				{
					"name": "visor",
					"origin": [0, 0, 0],
					"color": 0,
					"children": [4]
				}
			]
		}
	]
}