{"parent":"item/generated","textures":{"layer0":"item/bow"},"display":{"thirdperson_righthand":{"rotation":[-80,260,-40],"translation":[-1,-2,2.5],"scale":[0.9,0.9,0.9]},"thirdperson_lefthand":{"rotation":[-80,-280,40],"translation":[-1,-2,2.5],"scale":[0.9,0.9,0.9]},"firstperson_righthand":{"rotation":[0,-90,25],"translation":[1.13,3.2,1.13],"scale":[0.68,0.68,0.68]},"firstperson_lefthand":{"rotation":[0,90,-25],"translation":[1.13,3.2,1.13],"scale":[0.68,0.68,0.68]}},"overrides":[{"predicate":{"pulling":1},"model":"item/bow_pulling_0"},{"predicate":{"pulling":1,"pull":0.65},"model":"item/bow_pulling_1"},{"predicate":{"pulling":1,"pull":0.9},"model":"item/bow_pulling_2"},{"predicate":{"pulling":1},"model":"item/bow_pulling_0"},{"predicate":{"pulling":1,"pull":0.65},"model":"item/bow_pulling_1"},{"predicate":{"pulling":1,"pull":0.9},"model":"item/bow_pulling_2"},{"predicate":{"custom_model_data":5000},"model":"item/jeqo/crystalled_set/crystalled_bow"},{"predicate":{"pulling":1,"custom_model_data":5000},"model":"item/jeqo/crystalled_set/crystalled_bow_pulling_0"},{"predicate":{"pulling":1,"pull":0.65,"custom_model_data":5000},"model":"item/jeqo/crystalled_set/crystalled_bow_pulling_1"},{"predicate":{"pulling":1,"pull":0.9,"custom_model_data":5000},"model":"item/jeqo/crystalled_set/crystalled_bow_pulling_2"},{"predicate":{"custom_model_data":10000},"model":"elitecreatures:valentines_animated_weapon_and_tool_set_v1/bow"},{"predicate":{"pulling":1,"custom_model_data":10000},"model":"elitecreatures:valentines_animated_weapon_and_tool_set_v1/bow_0"},{"predicate":{"pulling":1,"pull":0.65,"custom_model_data":10000},"model":"elitecreatures:valentines_animated_weapon_and_tool_set_v1/bow_1"},{"predicate":{"pulling":1,"pull":0.9,"custom_model_data":10000},"model":"elitecreatures:valentines_animated_weapon_and_tool_set_v1/bow_2"},{"predicate":{"custom_model_data":10000},"model":"elitecreatures:valentines_animated_weapon_and_tool_set_v1/bow"},{"predicate":{"pulling":1,"custom_model_data":10000},"model":"elitecreatures:valentines_animated_weapon_and_tool_set_v1/bow_0"},{"predicate":{"pulling":1,"pull":0.65,"custom_model_data":10000},"model":"elitecreatures:valentines_animated_weapon_and_tool_set_v1/bow_1"},{"predicate":{"pulling":1,"pull":0.9,"custom_model_data":10000},"model":"elitecreatures:valentines_animated_weapon_and_tool_set_v1/bow_2"},{"predicate":{"custom_model_data":10001},"model":"ruby_vol_1_pack:ruby_vol_1_pack/bow_ruby_vol_1"},{"predicate":{"pulling":1,"custom_model_data":10001},"model":"ruby_vol_1_pack:ruby_vol_1_pack/bow_ruby_vol_1_0"},{"predicate":{"pulling":1,"pull":0.65,"custom_model_data":10001},"model":"ruby_vol_1_pack:ruby_vol_1_pack/bow_ruby_vol_1_1"},{"predicate":{"pulling":1,"pull":0.9,"custom_model_data":10001},"model":"ruby_vol_1_pack:ruby_vol_1_pack/bow_ruby_vol_1_2"},{"predicate":{"custom_model_data":10002},"model":"elitecreatures:carnivoret_weapon_set/bow"},{"predicate":{"pulling":1,"custom_model_data":10002},"model":"elitecreatures:carnivoret_weapon_set/bow_0"},{"predicate":{"pulling":1,"pull":0.65,"custom_model_data":10002},"model":"elitecreatures:carnivoret_weapon_set/bow_1"},{"predicate":{"pulling":1,"pull":0.9,"custom_model_data":10002},"model":"elitecreatures:carnivoret_weapon_set/bow_2"},{"predicate":{"custom_model_data":10002},"model":"elitecreatures:carnivoret_weapon_set/bow"},{"predicate":{"pulling":1,"custom_model_data":10002},"model":"elitecreatures:carnivoret_weapon_set/bow_0"},{"predicate":{"pulling":1,"pull":0.65,"custom_model_data":10002},"model":"elitecreatures:carnivoret_weapon_set/bow_1"},{"predicate":{"pulling":1,"pull":0.9,"custom_model_data":10002},"model":"elitecreatures:carnivoret_weapon_set/bow_2"},{"predicate":{"custom_model_data":10003},"model":"dark_queen:dark_queen/bow_dark_queen"},{"predicate":{"pulling":1,"custom_model_data":10003},"model":"dark_queen:dark_queen/bow_dark_queen_0"},{"predicate":{"pulling":1,"pull":0.65,"custom_model_data":10003},"model":"dark_queen:dark_queen/bow_dark_queen_1"},{"predicate":{"pulling":1,"pull":0.9,"custom_model_data":10003},"model":"dark_queen:dark_queen/bow_dark_queen_2"},{"predicate":{"custom_model_data":10004},"model":"jeqo:crystalled_set/crystalled_bow"},{"predicate":{"pulling":1,"custom_model_data":10004},"model":"jeqo:crystalled_set/crystalled_bow_0"},{"predicate":{"pulling":1,"pull":0.65,"custom_model_data":10004},"model":"jeqo:crystalled_set/crystalled_bow_1"},{"predicate":{"pulling":1,"pull":0.9,"custom_model_data":10004},"model":"jeqo:crystalled_set/crystalled_bow_2"},{"predicate":{"custom_model_data":10005},"model":"elitecreatures:steamsparks_animated_weapon_set/bow"},{"predicate":{"pulling":1,"custom_model_data":10005},"model":"elitecreatures:steamsparks_animated_weapon_set/bow_0"},{"predicate":{"pulling":1,"pull":0.65,"custom_model_data":10005},"model":"elitecreatures:steamsparks_animated_weapon_set/bow_1"},{"predicate":{"pulling":1,"pull":0.9,"custom_model_data":10005},"model":"elitecreatures:steamsparks_animated_weapon_set/bow_2"},{"predicate":{"custom_model_data":10005},"model":"elitecreatures:steamsparks_animated_weapon_set/bow"},{"predicate":{"pulling":1,"custom_model_data":10005},"model":"elitecreatures:steamsparks_animated_weapon_set/bow_0"},{"predicate":{"pulling":1,"pull":0.65,"custom_model_data":10005},"model":"elitecreatures:steamsparks_animated_weapon_set/bow_1"},{"predicate":{"pulling":1,"pull":0.9,"custom_model_data":10005},"model":"elitecreatures:steamsparks_animated_weapon_set/bow_2"},{"predicate":{"custom_model_data":10006},"model":"item/bow"}]}