{"parent":"minecraft:item/handheld","textures":{"layer0":"minecraft:item/diamond_axe"},"overrides":[{"predicate":{"custom_model_data":5000},"model":"item/jeqo/crystalled_set/crystalled_axe"},{"predicate":{"custom_model_data":10000},"model":"ruby_vol_1_pack:ruby_vol_1_pack/axe_ruby_vol_1"},{"predicate":{"custom_model_data":10001},"model":"dark_queen:dark_queen/axe_dark_queen"},{"predicate":{"custom_model_data":10002},"model":"jeqo:crystalled_set/crystalled_axe"},{"predicate":{"custom_model_data":10003},"model":"item/diamond_axe"}]}