{"parent":"minecraft:item/handheld","textures":{"layer0":"minecraft:item/diamond_sword"},"overrides":[{"predicate":{"custom_model_data":5000},"model":"item/jeqo/crystalled_set/crystalled_sword"},{"predicate":{"custom_model_data":10000},"model":"ruby_vol_1_pack:ruby_vol_1_pack/spear_ruby_vol_1"},{"predicate":{"custom_model_data":10001},"model":"ruby_vol_1_pack:ruby_vol_1_pack/staff_ruby_vol_1"},{"predicate":{"custom_model_data":10002},"model":"ruby_vol_1_pack:ruby_vol_1_pack/sword_ruby_vol_1"},{"predicate":{"custom_model_data":10003},"model":"dark_queen:dark_queen/spear_dark_queen"},{"predicate":{"custom_model_data":10004},"model":"dark_queen:dark_queen/staff_dark_queen"},{"predicate":{"custom_model_data":10005},"model":"dark_queen:dark_queen/sword_dark_queen"},{"predicate":{"custom_model_data":10006},"model":"jeqo:crystalled_set/crystalled_sword"},{"predicate":{"custom_model_data":935005},"model":"expansion/blade_of_traxis"},{"predicate":{"custom_model_data":935006},"model":"item/diamond_sword"}]}