{"parent":"item/handheld_rod","textures":{"layer0":"item/fishing_rod"},"overrides":[{"predicate":{"cast":1},"model":"item/fishing_rod_cast"},{"predicate":{"custom_model_data":10000},"model":"elitecreatures:valentines_animated_weapon_and_tool_set_v1/rod"},{"predicate":{"cast":1,"custom_model_data":10000},"model":"elitecreatures:valentines_animated_weapon_and_tool_set_v1/rod_cast"},{"predicate":{"custom_model_data":10000},"model":"elitecreatures:valentines_animated_weapon_and_tool_set_v1/rod"},{"predicate":{"cast":1,"custom_model_data":10000},"model":"elitecreatures:valentines_animated_weapon_and_tool_set_v1/rod_cast"},{"predicate":{"custom_model_data":10001},"model":"elitecreatures:carnivoret_weapon_set/fishing_rod"},{"predicate":{"cast":1,"custom_model_data":10001},"model":"elitecreatures:carnivoret_weapon_set/fishing_rod_cast"},{"predicate":{"custom_model_data":10001},"model":"elitecreatures:carnivoret_weapon_set/fishing_rod"},{"predicate":{"cast":1,"custom_model_data":10001},"model":"elitecreatures:carnivoret_weapon_set/fishing_rod_cast"},{"predicate":{"custom_model_data":10002},"model":"elitecreatures:steamsparks_animated_weapon_set/fishing_rod"},{"predicate":{"cast":1,"custom_model_data":10002},"model":"elitecreatures:steamsparks_animated_weapon_set/fishing_rod_cast"},{"predicate":{"custom_model_data":10002},"model":"elitecreatures:steamsparks_animated_weapon_set/fishing_rod"},{"predicate":{"cast":1,"custom_model_data":10002},"model":"elitecreatures:steamsparks_animated_weapon_set/fishing_rod_cast"},{"predicate":{"custom_model_data":10003},"model":"item/fishing_rod"}]}