{"parent":"minecraft:item/handheld","textures":{"layer0":"minecraft:item/iron_hoe"},"overrides":[{"predicate":{"custom_model_data":10000},"model":"elitecreatures:valentines_animated_weapon_and_tool_set_v1/hoe"},{"predicate":{"custom_model_data":10000},"model":"elitecreatures:valentines_animated_weapon_and_tool_set_v1/hoe"},{"predicate":{"custom_model_data":10001},"model":"elitecreatures:carnivoret_weapon_set/hoe"},{"predicate":{"custom_model_data":10001},"model":"elitecreatures:carnivoret_weapon_set/hoe"},{"predicate":{"custom_model_data":10002},"model":"elitecreatures:carnivoret_weapon_set/scythe"},{"predicate":{"custom_model_data":10002},"model":"elitecreatures:carnivoret_weapon_set/scythe"},{"predicate":{"custom_model_data":10003},"model":"elitecreatures:steamsparks_animated_weapon_set/hoe"},{"predicate":{"custom_model_data":10003},"model":"elitecreatures:steamsparks_animated_weapon_set/hoe"},{"predicate":{"custom_model_data":10004},"model":"item/iron_hoe"}]}