{"parent":"minecraft:item/handheld","textures":{"layer0":"minecraft:item/iron_axe"},"overrides":[{"predicate":{"custom_model_data":10000},"model":"elitecreatures:valentines_animated_weapon_and_tool_set_v1/axe"},{"predicate":{"custom_model_data":10000},"model":"elitecreatures:valentines_animated_weapon_and_tool_set_v1/axe"},{"predicate":{"custom_model_data":10001},"model":"elitecreatures:carnivoret_weapon_set/axe"},{"predicate":{"custom_model_data":10001},"model":"elitecreatures:carnivoret_weapon_set/axe"},{"predicate":{"custom_model_data":10002},"model":"elitecreatures:carnivoret_weapon_set/hammer"},{"predicate":{"custom_model_data":10002},"model":"elitecreatures:carnivoret_weapon_set/hammer"},{"predicate":{"custom_model_data":10003},"model":"elitecreatures:steamsparks_animated_weapon_set/axe"},{"predicate":{"custom_model_data":10003},"model":"elitecreatures:steamsparks_animated_weapon_set/axe"},{"predicate":{"custom_model_data":10004},"model":"elitecreatures:steamsparks_animated_weapon_set/battle_axe"},{"predicate":{"custom_model_data":10004},"model":"elitecreatures:steamsparks_animated_weapon_set/battle_axe"},{"predicate":{"custom_model_data":10005},"model":"elitecreatures:steamsparks_animated_weapon_set/hammer"},{"predicate":{"custom_model_data":10005},"model":"elitecreatures:steamsparks_animated_weapon_set/hammer"},{"predicate":{"custom_model_data":10006},"model":"item/iron_axe"}]}