{"parent":"minecraft:item/handheld","textures":{"layer0":"minecraft:item/iron_sword"},"overrides":[{"predicate":{"custom_model_data":10000},"model":"elitecreatures:valentines_animated_weapon_and_tool_set_v1/hammer"},{"predicate":{"custom_model_data":10000},"model":"elitecreatures:valentines_animated_weapon_and_tool_set_v1/hammer"},{"predicate":{"custom_model_data":10001},"model":"elitecreatures:valentines_animated_weapon_and_tool_set_v1/spear"},{"predicate":{"custom_model_data":10001},"model":"elitecreatures:valentines_animated_weapon_and_tool_set_v1/spear"},{"predicate":{"custom_model_data":10002},"model":"elitecreatures:valentines_animated_weapon_and_tool_set_v1/staff"},{"predicate":{"custom_model_data":10002},"model":"elitecreatures:valentines_animated_weapon_and_tool_set_v1/staff"},{"predicate":{"custom_model_data":10003},"model":"elitecreatures:valentines_animated_weapon_and_tool_set_v1/sword"},{"predicate":{"custom_model_data":10003},"model":"elitecreatures:valentines_animated_weapon_and_tool_set_v1/sword"},{"predicate":{"custom_model_data":10004},"model":"elitecreatures:carnivoret_weapon_set/spear"},{"predicate":{"custom_model_data":10004},"model":"elitecreatures:carnivoret_weapon_set/spear"},{"predicate":{"custom_model_data":10005},"model":"elitecreatures:carnivoret_weapon_set/staff"},{"predicate":{"custom_model_data":10005},"model":"elitecreatures:carnivoret_weapon_set/staff"},{"predicate":{"custom_model_data":10006},"model":"elitecreatures:carnivoret_weapon_set/sword"},{"predicate":{"custom_model_data":10006},"model":"elitecreatures:carnivoret_weapon_set/sword"},{"predicate":{"custom_model_data":10007},"model":"elitecreatures:steamsparks_animated_weapon_set/blade"},{"predicate":{"custom_model_data":10007},"model":"elitecreatures:steamsparks_animated_weapon_set/blade"},{"predicate":{"custom_model_data":10008},"model":"elitecreatures:steamsparks_animated_weapon_set/halberd"},{"predicate":{"custom_model_data":10008},"model":"elitecreatures:steamsparks_animated_weapon_set/halberd"},{"predicate":{"custom_model_data":10009},"model":"elitecreatures:steamsparks_animated_weapon_set/spear"},{"predicate":{"custom_model_data":10009},"model":"elitecreatures:steamsparks_animated_weapon_set/spear"},{"predicate":{"custom_model_data":10010},"model":"elitecreatures:steamsparks_animated_weapon_set/staff"},{"predicate":{"custom_model_data":10010},"model":"elitecreatures:steamsparks_animated_weapon_set/staff"},{"predicate":{"custom_model_data":10011},"model":"elitecreatures:steamsparks_animated_weapon_set/sword"},{"predicate":{"custom_model_data":10011},"model":"elitecreatures:steamsparks_animated_weapon_set/sword"},{"predicate":{"custom_model_data":10101},"model":"elitecreatures:steamsparks_animated_weapon_set/blade"},{"predicate":{"custom_model_data":10102},"model":"elitecreatures:steamsparks_animated_weapon_set/halberd"},{"predicate":{"custom_model_data":10103},"model":"elitecreatures:steamsparks_animated_weapon_set/spear"},{"predicate":{"custom_model_data":10104},"model":"elitecreatures:steamsparks_animated_weapon_set/staff"},{"predicate":{"custom_model_data":10105},"model":"elitecreatures:steamsparks_animated_weapon_set/sword"},{"predicate":{"custom_model_data":10106},"model":"item/iron_sword"}]}