{"parent":"minecraft:item/handheld","textures":{"layer0":"minecraft:item/iron_pickaxe"},"overrides":[{"predicate":{"custom_model_data":10000},"model":"elitecreatures:valentines_animated_weapon_and_tool_set_v1/pickaxe"},{"predicate":{"custom_model_data":10000},"model":"elitecreatures:valentines_animated_weapon_and_tool_set_v1/pickaxe"},{"predicate":{"custom_model_data":10001},"model":"elitecreatures:carnivoret_weapon_set/pickaxe"},{"predicate":{"custom_model_data":10001},"model":"elitecreatures:carnivoret_weapon_set/pickaxe"},{"predicate":{"custom_model_data":10002},"model":"elitecreatures:steamsparks_animated_weapon_set/pickaxe"},{"predicate":{"custom_model_data":10002},"model":"elitecreatures:steamsparks_animated_weapon_set/pickaxe"},{"predicate":{"custom_model_data":10101},"model":"elitecreatures:steamsparks_animated_weapon_set/pickaxe"},{"predicate":{"custom_model_data":10102},"model":"item/iron_pickaxe"}]}