{"parent":"item/generated","textures":{"layer0":"item/leather_boots","layer1":"item/leather_boots_overlay"},"overrides":[{"predicate":{"custom_model_data":5000},"model":"item/jeqo/crystalled_set/crystalled_boots"},{"predicate":{"custom_model_data":10000},"model":"elitecreatures:ia_auto_gen/valentines_animated_weapon_and_tool_set_v1_boots"},{"predicate":{"custom_model_data":10000},"model":"elitecreatures:ia_auto_gen/valentines_animated_weapon_and_tool_set_v1_boots"},{"predicate":{"custom_model_data":10001},"model":"elitecreatures:ia_auto_gen/carnivoret_weapon_set_boots"},{"predicate":{"custom_model_data":10001},"model":"elitecreatures:ia_auto_gen/carnivoret_weapon_set_boots"},{"predicate":{"custom_model_data":10002},"model":"jeqo:ia_auto_gen/crystalled_boots"},{"predicate":{"custom_model_data":10003},"model":"elitecreatures:ia_auto_gen/steamsparks_animated_weapon_set_boots"},{"predicate":{"custom_model_data":10003},"model":"elitecreatures:ia_auto_gen/steamsparks_animated_weapon_set_boots"},{"predicate":{"custom_model_data":10004},"model":"item/leather_boots"}]}