{"parent":"item/generated","textures":{"layer0":"item/leather_helmet","layer1":"item/leather_helmet_overlay"},"overrides":[{"predicate":{"custom_model_data":5000},"model":"item/jeqo/crystalled_set/crystalled_helmet"},{"predicate":{"custom_model_data":10000},"model":"elitecreatures:ia_auto_gen/valentines_animated_weapon_and_tool_set_v1_helmet1"},{"predicate":{"custom_model_data":10000},"model":"elitecreatures:ia_auto_gen/valentines_animated_weapon_and_tool_set_v1_helmet1"},{"predicate":{"custom_model_data":10001},"model":"jeqo:ia_auto_gen/crystalled_helmet"},{"predicate":{"custom_model_data":10002},"model":"elitecreatures:ia_auto_gen/steamsparks_animated_weapon_set_helmet"},{"predicate":{"custom_model_data":10002},"model":"elitecreatures:ia_auto_gen/steamsparks_animated_weapon_set_helmet"},{"predicate":{"custom_model_data":10003},"model":"item/leather_helmet"}]}