{"parent":"minecraft:item/generated","textures":{"layer0":"minecraft:item/paper"},"overrides":[{"predicate":{"custom_model_data":10000},"model":"_iainternal:ia_auto_gen/icon_left_blue"},{"predicate":{"custom_model_data":10001},"model":"_iainternal:ia_auto_gen/icon_right_blue"},{"predicate":{"custom_model_data":10002},"model":"_iainternal:ia_auto_gen/icon_search"},{"predicate":{"custom_model_data":10003},"model":"_iainternal:ia_auto_gen/icon_cancel"},{"predicate":{"custom_model_data":10004},"model":"_iainternal:ia_auto_gen/icon_arrow_chest"},{"predicate":{"custom_model_data":10005},"model":"_iainternal:ia_auto_gen/icon_back_orange"},{"predicate":{"custom_model_data":10006},"model":"_iainternal:ia_auto_gen/icon_next_orange"},{"predicate":{"custom_model_data":10007},"model":"elitecreatures:valentines_animated_weapon_and_tool_set_v1/chest"},{"predicate":{"custom_model_data":10007},"model":"elitecreatures:valentines_animated_weapon_and_tool_set_v1/chest"},{"predicate":{"custom_model_data":10008},"model":"elitecreatures:valentines_animated_weapon_and_tool_set_v1/grenade"},{"predicate":{"custom_model_data":10008},"model":"elitecreatures:valentines_animated_weapon_and_tool_set_v1/grenade"},{"predicate":{"custom_model_data":10009},"model":"elitecreatures:valentines_animated_weapon_and_tool_set_v1/helmet"},{"predicate":{"custom_model_data":10009},"model":"elitecreatures:valentines_animated_weapon_and_tool_set_v1/helmet"},{"predicate":{"custom_model_data":10010},"model":"elitecreatures:valentines_animated_weapon_and_tool_set_v1/key"},{"predicate":{"custom_model_data":10010},"model":"elitecreatures:valentines_animated_weapon_and_tool_set_v1/key"},{"predicate":{"custom_model_data":10011},"model":"elitecreatures:valentines_animated_weapon_and_tool_set_v1/quiver"},{"predicate":{"custom_model_data":10011},"model":"elitecreatures:valentines_animated_weapon_and_tool_set_v1/quiver"},{"predicate":{"custom_model_data":10012},"model":"elitecreatures:valentines_animated_weapon_and_tool_set_v1/quiver_self"},{"predicate":{"custom_model_data":10012},"model":"elitecreatures:valentines_animated_weapon_and_tool_set_v1/quiver_self"},{"predicate":{"custom_model_data":10013},"model":"elitecreatures:valentines_animated_weapon_and_tool_set_v1/wing"},{"predicate":{"custom_model_data":10013},"model":"elitecreatures:valentines_animated_weapon_and_tool_set_v1/wing"},{"predicate":{"custom_model_data":10014},"model":"elitecreatures:valentines_animated_weapon_and_tool_set_v1/wing_self"},{"predicate":{"custom_model_data":10014},"model":"elitecreatures:valentines_animated_weapon_and_tool_set_v1/wing_self"},{"predicate":{"custom_model_data":10015},"model":"elitecreatures:carnivoret_weapon_set/chest"},{"predicate":{"custom_model_data":10015},"model":"elitecreatures:carnivoret_weapon_set/chest"},{"predicate":{"custom_model_data":10016},"model":"elitecreatures:carnivoret_weapon_set/hat"},{"predicate":{"custom_model_data":10016},"model":"elitecreatures:carnivoret_weapon_set/hat"},{"predicate":{"custom_model_data":10017},"model":"elitecreatures:carnivoret_weapon_set/key"},{"predicate":{"custom_model_data":10017},"model":"elitecreatures:carnivoret_weapon_set/key"},{"predicate":{"custom_model_data":10018},"model":"elitecreatures:carnivoret_weapon_set/wing"},{"predicate":{"custom_model_data":10018},"model":"elitecreatures:carnivoret_weapon_set/wing"},{"predicate":{"custom_model_data":10019},"model":"elitecreatures:steamsparks_animated_weapon_set/chest"},{"predicate":{"custom_model_data":10019},"model":"elitecreatures:steamsparks_animated_weapon_set/chest"},{"predicate":{"custom_model_data":10020},"model":"elitecreatures:steamsparks_animated_weapon_set/helmet"},{"predicate":{"custom_model_data":10020},"model":"elitecreatures:steamsparks_animated_weapon_set/helmet"},{"predicate":{"custom_model_data":10021},"model":"elitecreatures:steamsparks_animated_weapon_set/key"},{"predicate":{"custom_model_data":10021},"model":"elitecreatures:steamsparks_animated_weapon_set/key"},{"predicate":{"custom_model_data":10022},"model":"elitecreatures:steamsparks_animated_weapon_set/wings"},{"predicate":{"custom_model_data":10022},"model":"elitecreatures:steamsparks_animated_weapon_set/wings"},{"predicate":{"custom_model_data":10101},"model":"elitecreatures:steamsparks_animated_weapon_set/chest"},{"predicate":{"custom_model_data":10102},"model":"elitecreatures:steamsparks_animated_weapon_set/helmet"},{"predicate":{"custom_model_data":10103},"model":"elitecreatures:steamsparks_animated_weapon_set/key"},{"predicate":{"custom_model_data":10104},"model":"elitecreatures:steamsparks_animated_weapon_set/wings"},{"predicate":{"custom_model_data":10105},"model":"item/paper"}]}