{"display":{"firstperson_lefthand":{"rotation":[0,180,5],"scale":[1.25,1.25,1.25],"translation":[10,0,-10]},"firstperson_righthand":{"rotation":[0,180,5],"scale":[1.25,1.25,1.25],"translation":[-10,2,-10]},"fixed":{"rotation":[0,180,0],"scale":[0.5,0.5,0.5],"translation":[-2,4,-5]},"ground":{"rotation":[0,0,0],"scale":[0.25,0.25,0.25],"translation":[4,4,2]},"gui":{"rotation":[15,-25,-5],"scale":[0.65,0.65,0.65],"translation":[2,3,0]},"thirdperson_lefthand":{"rotation":[0,90,0],"scale":[1,1,1],"translation":[10,6,12]},"thirdperson_righthand":{"rotation":[0,90,0],"scale":[1,1,1],"translation":[10,6,-4]}},"gui_light":"front","overrides":[{"model":"item/shield_blocking","predicate":{"blocking":1}},{"predicate":{"blocking":1},"model":"item/shield_blocking"},{"predicate":{"custom_model_data":10000},"model":"elitecreatures:valentines_animated_weapon_and_tool_set_v1/shield"},{"predicate":{"blocking":1,"custom_model_data":10000},"model":"elitecreatures:valentines_animated_weapon_and_tool_set_v1/shield_blocking"},{"predicate":{"custom_model_data":10000},"model":"elitecreatures:valentines_animated_weapon_and_tool_set_v1/shield"},{"predicate":{"blocking":1,"custom_model_data":10000},"model":"elitecreatures:valentines_animated_weapon_and_tool_set_v1/shield_blocking"},{"predicate":{"custom_model_data":10001},"model":"elitecreatures:carnivoret_weapon_set/shield"},{"predicate":{"blocking":1,"custom_model_data":10001},"model":"elitecreatures:carnivoret_weapon_set/shield_blocking"},{"predicate":{"custom_model_data":10001},"model":"elitecreatures:carnivoret_weapon_set/shield"},{"predicate":{"blocking":1,"custom_model_data":10001},"model":"elitecreatures:carnivoret_weapon_set/shield_blocking"},{"predicate":{"custom_model_data":10002},"model":"elitecreatures:steamsparks_animated_weapon_set/shield"},{"predicate":{"blocking":1,"custom_model_data":10002},"model":"elitecreatures:steamsparks_animated_weapon_set/shield_blocking"},{"predicate":{"custom_model_data":10002},"model":"elitecreatures:steamsparks_animated_weapon_set/shield"},{"predicate":{"blocking":1,"custom_model_data":10002},"model":"elitecreatures:steamsparks_animated_weapon_set/shield_blocking"},{"model":"elitecreatures:steamsparks_animated_weapon_set/shield","predicate":{"custom_model_data":10101}},{"model":"elitecreatures:steamsparks_animated_weapon_set/shield_blocking","predicate":{"blocking":1,"custom_model_data":10101}},{"predicate":{"custom_model_data":10102},"model":"item/shield"}],"parent":"builtin/entity","textures":{"particle":"block/dark_oak_planks"}}