{"credit":"MadewithBlockbench","textures":{"0":"elitecreatures:steamsparks_animated_weapon_set/texture","1":"elitecreatures:steamsparks_animated_weapon_set/smoke_1","2":"elitecreatures:steamsparks_animated_weapon_set/cog_01","3":"elitecreatures:steamsparks_animated_weapon_set/lightning_1","particle":"elitecreatures:steamsparks_animated_weapon_set/texture"},"elements":[{"from":[8,-13.20403,10.81965],"to":[8,13.20403,11.01965],"rotation":{"angle":0,"axis":"y","origin":[8,0,8]},"faces":{"north":{"uv":[0,1.4,0,0],"rotation":180,"texture":"#0"},"east":{"uv":[3.3,14,3.2,12.6],"rotation":180,"texture":"#0"},"south":{"uv":[0,1.4,0,0],"rotation":180,"texture":"#0"},"west":{"uv":[3.2,14,3.3,12.6],"rotation":180,"texture":"#0"},"up":{"uv":[0,0,0,1],"texture":"#0"},"down":{"uv":[0,1,0,0],"texture":"#0"}}},{"from":[7.65609,4.66078,4.39133],"to":[8.34391,5.34239,5.5067],"rotation":{"angle":22.5,"axis":"x","origin":[8,0,8]},"faces":{"north":{"uv":[12,7.6,12.3,7.9],"texture":"#0"},"east":{"uv":[11.6,8.8,11.9,8.4],"rotation":90,"texture":"#0"},"south":{"uv":[7.6,12.3,7.9,12],"rotation":180,"texture":"#0"},"west":{"uv":[11.6,9.6,11.9,9.2],"rotation":270,"texture":"#0"},"up":{"uv":[11.6,9.2,11.9,8.8],"texture":"#0"},"down":{"uv":[11.6,8.4,11.9,8],"rotation":180,"texture":"#0"}}},{"from":[7.56625,4.56783,4.0815],"to":[8.43376,5.43534,4.42231],"rotation":{"angle":22.5,"axis":"x","origin":[8,0,8]},"faces":{"north":{"uv":[12,8,12.3,8.3],"texture":"#0"},"east":{"uv":[12.4,8.1,12.7,8],"rotation":90,"texture":"#0"},"south":{"uv":[8,12.3,8.3,12],"rotation":180,"texture":"#0"},"west":{"uv":[12.4,8.5,12.7,8.4],"rotation":270,"texture":"#0"},"up":{"uv":[8.4,12.5,8.7,12.4],"texture":"#0"},"down":{"uv":[8,12.5,8.3,12.4],"rotation":180,"texture":"#0"}}},{"from":[7.41133,4.41292,5.16589],"to":[8.58867,5.59025,5.5067],"rotation":{"angle":22.5,"axis":"x","origin":[8,0,8]},"faces":{"north":{"uv":[10.8,3.2,11.3,3.7],"texture":"#0"},"east":{"uv":[5.6,12.5,6.1,12.4],"rotation":90,"texture":"#0"},"south":{"uv":[3.2,11.3,3.7,10.8],"rotation":180,"texture":"#0"},"west":{"uv":[12.4,6.5,12.9,6.4],"rotation":270,"texture":"#0"},"up":{"uv":[6.4,12.5,6.9,12.4],"texture":"#0"},"down":{"uv":[12.4,5.3,12.9,5.2],"rotation":180,"texture":"#0"}}},{"from":[7.8,3.11593,0.06369],"to":[8.2,4.04541,3.47176],"rotation":{"angle":45,"axis":"x","origin":[8,0,8]},"faces":{"north":{"uv":[0,0,0,0.4],"rotation":180,"texture":"#0"},"east":{"uv":[3.2,9.2,3.6,10.6],"rotation":270,"texture":"#0"},"south":{"uv":[0,0.4,0,0],"texture":"#0"},"west":{"uv":[9.2,3.2,9.6,4.6],"rotation":90,"texture":"#0"},"up":{"uv":[0,0,0,1.4],"rotation":180,"texture":"#0"},"down":{"uv":[0,0,0,1.4],"texture":"#0"}}},{"from":[8,7.76834,5.69105],"to":[8,11.17641,6.86965],"rotation":{"angle":0,"axis":"y","origin":[8,0,8]},"faces":{"north":{"uv":[0,1.4,0,0],"rotation":180,"texture":"#0"},"east":{"uv":[7.7,3,7.2,1.6],"rotation":180,"texture":"#0"},"south":{"uv":[0,1.4,0,0],"rotation":180,"texture":"#0"},"west":{"uv":[7.2,1.4,7.7,0],"rotation":180,"texture":"#0"},"up":{"uv":[0,0,0,1],"texture":"#0"},"down":{"uv":[0,1,0,0],"texture":"#0"}}},{"from":[8,10.96491,2.79122],"to":[8,14.37298,3.96982],"rotation":{"angle":22.5,"axis":"x","origin":[8,0,8]},"faces":{"north":{"uv":[0,1.4,0,0],"rotation":180,"texture":"#0"},"east":{"uv":[7.7,3,7.2,1.6],"rotation":180,"texture":"#0"},"south":{"uv":[0,1.4,0,0],"rotation":180,"texture":"#0"},"west":{"uv":[7.2,1.4,7.7,0],"rotation":180,"texture":"#0"},"up":{"uv":[0,0,0,1],"texture":"#0"},"down":{"uv":[0,1,0,0],"texture":"#0"}}},{"from":[8,4.17554,3.59105],"to":[8,7.15414,6.56965],"rotation":{"angle":0,"axis":"y","origin":[8,0,8]},"faces":{"north":{"uv":[0,1,0,0],"texture":"#2"},"east":{"uv":[16,16,0,0],"texture":"#2"},"south":{"uv":[0,1,0,0],"texture":"#2"},"west":{"uv":[0,16,16,0],"texture":"#2"},"up":{"uv":[0,1,0,0],"rotation":180,"texture":"#2"},"down":{"uv":[0,0,0,1],"rotation":180,"texture":"#2"}}},{"from":[8,3.47935,12.21357],"to":[8,5.95795,14.69217],"rotation":{"angle":-45,"axis":"x","origin":[8,0,8]},"faces":{"north":{"uv":[0,1,0,0],"rotation":180,"texture":"#1"},"east":{"uv":[0,16,16,0],"rotation":180,"texture":"#1"},"south":{"uv":[0,1,0,0],"rotation":180,"texture":"#1"},"west":{"uv":[16,16,0,0],"rotation":180,"texture":"#1"},"up":{"uv":[0,0,0,1],"texture":"#1"},"down":{"uv":[0,1,0,0],"texture":"#1"}}},{"from":[7.875,6.14928,1.51277],"to":[8.125,9.14928,4.51277],"rotation":{"angle":22.5,"axis":"x","origin":[8,0,8]},"faces":{"north":{"uv":[0,0,0,1],"rotation":180,"texture":"#3"},"east":{"uv":[16,0,0,16],"rotation":90,"texture":"#3"},"south":{"uv":[0,1,0,0],"texture":"#3"},"west":{"uv":[0,0,16,16],"rotation":270,"texture":"#3"},"up":{"uv":[0,0,0,1],"texture":"#3"},"down":{"uv":[0,0,0,1],"rotation":180,"texture":"#3"}}},{"from":[7.69017,7.79617,16.44394],"to":[8.30983,8.93547,19.86466],"rotation":{"angle":-45,"axis":"x","origin":[8,0,8]},"faces":{"north":{"uv":[3.4,12,3.2,12.5],"rotation":180,"texture":"#0"},"east":{"uv":[5.6,0,6.1,2.4],"rotation":270,"texture":"#0"},"south":{"uv":[12.2,1.7,12,1.2],"texture":"#0"},"west":{"uv":[6.4,0,6.9,2.4],"rotation":90,"texture":"#0"},"up":{"uv":[0,7.6,0.2,14.2],"rotation":180,"texture":"#0"},"down":{"uv":[0.4,7.6,0.6,14.2],"texture":"#0"}}},{"from":[7.51203,3.67812,5.45962],"to":[8.48797,5.53707,6.38909],"rotation":{"angle":22.5,"axis":"x","origin":[8,0,8]},"faces":{"north":{"uv":[10.4,4.8,10.8,5.5],"texture":"#0"},"east":{"uv":[7.2,6.8,7.9,6.4],"rotation":90,"texture":"#0"},"south":{"uv":[10.4,1.9,10.8,1.2],"rotation":180,"texture":"#0"},"west":{"uv":[10.4,1.2,11.1,0.8],"rotation":270,"texture":"#0"},"up":{"uv":[4,12,4.4,11.6],"texture":"#0"},"down":{"uv":[11.6,4,12,3.6],"rotation":180,"texture":"#0"}}},{"from":[7.76763,3.32627,11.5817],"to":[8.23237,4.48811,12.74354],"rotation":{"angle":-45,"axis":"x","origin":[8,0,8]},"faces":{"north":{"uv":[12,4,12.2,4.5],"texture":"#0"},"east":{"uv":[4.8,11.3,5.3,10.8],"rotation":90,"texture":"#0"},"south":{"uv":[4,12.5,4.2,12],"rotation":180,"texture":"#0"},"west":{"uv":[10.8,5.3,11.3,4.8],"rotation":270,"texture":"#0"},"up":{"uv":[3.6,12.5,3.8,12],"texture":"#0"},"down":{"uv":[12,3.7,12.2,3.2],"rotation":180,"texture":"#0"}}},{"from":[7.70567,13.95276,10.09241],"to":[8.29433,14.70478,10.84443],"rotation":{"angle":0,"axis":"y","origin":[8,0,8]},"faces":{"north":{"uv":[12.6,4.8,12.4,5.1],"rotation":180,"texture":"#0"},"east":{"uv":[7.2,12,7.5,12.3],"rotation":270,"texture":"#0"},"south":{"uv":[12.6,4.7,12.4,4.4],"texture":"#0"},"west":{"uv":[12,7.2,12.3,7.5],"rotation":90,"texture":"#0"},"up":{"uv":[12.4,1.6,12.6,1.9],"rotation":180,"texture":"#0"},"down":{"uv":[12.4,4,12.6,4.3],"texture":"#0"}}},{"from":[7.54301,6.16978,6.21822],"to":[8.45699,7.31614,6.72238],"rotation":{"angle":0,"axis":"x","origin":[8,0,8]},"faces":{"north":{"uv":[3.2,12,3.7,11.6],"rotation":270,"texture":"#0"},"east":{"uv":[12,5.6,12.5,5.8],"rotation":270,"texture":"#0"},"south":{"uv":[11.6,2.8,12.1,3.2],"rotation":270,"texture":"#0"},"west":{"uv":[12,6,12.5,6.2],"rotation":90,"texture":"#0"},"up":{"uv":[12.4,1.2,12.8,1.4],"rotation":180,"texture":"#0"},"down":{"uv":[1.2,12.4,1.6,12.6],"texture":"#0"}}},{"from":[7.55075,4.06218,5.95605],"to":[8.44925,5.22403,7.11789],"rotation":{"angle":22.5,"axis":"x","origin":[8,0,8]},"faces":{"north":{"uv":[12,0.5,11.6,0],"rotation":180,"texture":"#0"},"east":{"uv":[6.4,10.8,6.9,11.3],"rotation":90,"texture":"#0"},"south":{"uv":[1.2,11.6,0.8,12.1],"texture":"#0"},"west":{"uv":[10.8,6.8,11.3,7.3],"rotation":270,"texture":"#0"},"up":{"uv":[11.2,11.2,11.6,11.7],"texture":"#0"},"down":{"uv":[10.8,11.2,11.2,11.7],"rotation":180,"texture":"#0"}}},{"from":[7.95,2.02223,6.50104],"to":[8.05,5.4303,7.43052],"rotation":{"angle":-22.5,"axis":"x","origin":[8,0,8]},"faces":{"north":{"uv":[0,0,0,1.4],"texture":"#0"},"east":{"uv":[9.2,3.2,8.8,4.6],"texture":"#0"},"south":{"uv":[0,0,0,1.4],"texture":"#0"},"west":{"uv":[9.2,4.8,8.8,6.2],"texture":"#0"},"up":{"uv":[0,0,0,0.4],"texture":"#0"},"down":{"uv":[0,0.4,0,0],"texture":"#0"}}},{"from":[8,1.87489,5.35708],"to":[8,4.85349,8.33568],"rotation":{"angle":0,"axis":"y","origin":[8,0,8]},"faces":{"north":{"uv":[0,1,0,0],"rotation":180,"texture":"#2"},"east":{"uv":[16,16,0,0],"rotation":180,"texture":"#2"},"south":{"uv":[0,1,0,0],"rotation":180,"texture":"#2"},"west":{"uv":[0,16,16,0],"rotation":180,"texture":"#2"},"up":{"uv":[0,1,0,0],"texture":"#2"},"down":{"uv":[0,0,0,1],"texture":"#2"}}},{"from":[7.30289,3.28488,9.65341],"to":[8.69711,4.75655,11.12508],"rotation":{"angle":-45,"axis":"x","origin":[8,0,8]},"faces":{"north":{"uv":[10.2,8,9.6,8.6],"texture":"#0"},"east":{"uv":[10.2,7.2,9.6,7.8],"texture":"#0"},"south":{"uv":[10.2,6.4,9.6,7],"texture":"#0"},"west":{"uv":[9,9.6,8.4,10.2],"texture":"#0"},"up":{"uv":[10.2,8.8,9.6,9.4],"texture":"#0"},"down":{"uv":[9.8,10.2,9.2,9.6],"texture":"#0"}}},{"from":[7.30289,0.287,4.76478],"to":[8.69711,1.60375,6.08154],"rotation":{"angle":45,"axis":"x","origin":[8,0,8]},"faces":{"north":{"uv":[10.6,6.1,10,5.6],"texture":"#0"},"east":{"uv":[8.5,10.9,8,10.4],"texture":"#0"},"south":{"uv":[5.8,10.5,5.2,10],"texture":"#0"},"west":{"uv":[10.9,8.9,10.4,8.4],"texture":"#0"},"up":{"uv":[11,0,10.4,0.5],"texture":"#0"},"down":{"uv":[10.6,10.1,10,9.6],"texture":"#0"}}},{"from":[7.69017,6.79992,2.97606],"to":[8.30983,11.22064,4.11536],"rotation":{"angle":22.5,"axis":"x","origin":[8,0,8]},"faces":{"north":{"uv":[0.2,14.2,0,7.6],"rotation":180,"texture":"#0"},"east":{"uv":[6.1,6.4,5.6,4],"rotation":180,"texture":"#0"},"south":{"uv":[0.6,14.2,0.4,7.6],"rotation":180,"texture":"#0"},"west":{"uv":[6.9,6.4,6.4,4],"rotation":180,"texture":"#0"},"up":{"uv":[12,1.2,12.2,1.7],"rotation":180,"texture":"#0"},"down":{"uv":[3.2,12.5,3.4,12],"rotation":180,"texture":"#0"}}},{"from":[7.54301,6.29513,0.1305],"to":[8.45699,7.44149,0.63466],"rotation":{"angle":45,"axis":"x","origin":[8,0,8]},"faces":{"north":{"uv":[11.6,2.8,12.1,3.2],"rotation":90,"texture":"#0"},"east":{"uv":[12,5.6,12.5,5.8],"rotation":90,"texture":"#0"},"south":{"uv":[3.2,12,3.7,11.6],"rotation":90,"texture":"#0"},"west":{"uv":[12,6,12.5,6.2],"rotation":270,"texture":"#0"},"up":{"uv":[1.2,12.4,1.6,12.6],"texture":"#0"},"down":{"uv":[12.4,1.2,12.8,1.4],"rotation":180,"texture":"#0"}}},{"from":[7.54301,13.12183,4.80618],"to":[8.45699,13.62599,5.95254],"rotation":{"angle":22.5,"axis":"x","origin":[8,0,8]},"faces":{"north":{"uv":[12.8,1.4,12.4,1.2],"rotation":180,"texture":"#0"},"east":{"uv":[12.5,5.8,12,5.6],"rotation":180,"texture":"#0"},"south":{"uv":[1.6,12.6,1.2,12.4],"rotation":180,"texture":"#0"},"west":{"uv":[12.5,6.2,12,6],"rotation":180,"texture":"#0"},"up":{"uv":[12.1,3.2,11.6,2.8],"rotation":90,"texture":"#0"},"down":{"uv":[3.7,11.6,3.2,12],"rotation":270,"texture":"#0"}}},{"from":[7.55075,6.04403,11.70547],"to":[8.44925,7.20588,12.86731],"rotation":{"angle":-45,"axis":"x","origin":[8,0,8]},"faces":{"north":{"uv":[12,0.5,11.6,0],"rotation":180,"texture":"#0"},"east":{"uv":[6.4,10.8,6.9,11.3],"rotation":90,"texture":"#0"},"south":{"uv":[1.2,11.6,0.8,12.1],"texture":"#0"},"west":{"uv":[10.8,6.8,11.3,7.3],"rotation":270,"texture":"#0"},"up":{"uv":[11.2,11.2,11.6,11.7],"texture":"#0"},"down":{"uv":[10.8,11.2,11.2,11.7],"rotation":180,"texture":"#0"}}},{"from":[7.55075,8.7758,10.47905],"to":[8.44925,9.93765,11.64089],"rotation":{"angle":-22.5,"axis":"x","origin":[8,0,8]},"faces":{"north":{"uv":[12,0.5,11.6,0],"rotation":180,"texture":"#0"},"east":{"uv":[6.4,10.8,6.9,11.3],"rotation":90,"texture":"#0"},"south":{"uv":[1.2,11.6,0.8,12.1],"texture":"#0"},"west":{"uv":[10.8,6.8,11.3,7.3],"rotation":270,"texture":"#0"},"up":{"uv":[11.2,11.2,11.6,11.7],"texture":"#0"},"down":{"uv":[10.8,11.2,11.2,11.7],"rotation":180,"texture":"#0"}}},{"from":[7.55075,13.04857,9.32397],"to":[8.44925,14.21042,10.48581],"rotation":{"angle":0,"axis":"y","origin":[8,0,8]},"faces":{"north":{"uv":[12,0.5,11.6,0],"rotation":180,"texture":"#0"},"east":{"uv":[6.4,10.8,6.9,11.3],"rotation":90,"texture":"#0"},"south":{"uv":[1.2,11.6,0.8,12.1],"texture":"#0"},"west":{"uv":[10.8,6.8,11.3,7.3],"rotation":270,"texture":"#0"},"up":{"uv":[11.2,11.2,11.6,11.7],"texture":"#0"},"down":{"uv":[10.8,11.2,11.2,11.7],"rotation":180,"texture":"#0"}}},{"from":[7.65609,-5.34239,4.39133],"to":[8.34391,-4.66078,5.5067],"rotation":{"angle":-22.5,"axis":"x","origin":[8,0,8]},"faces":{"north":{"uv":[12,7.9,12.3,7.6],"texture":"#0"},"east":{"uv":[11.9,8.8,11.6,8.4],"rotation":90,"texture":"#0"},"south":{"uv":[7.6,12,7.9,12.3],"rotation":180,"texture":"#0"},"west":{"uv":[11.9,9.6,11.6,9.2],"rotation":270,"texture":"#0"},"up":{"uv":[11.6,8,11.9,8.4],"rotation":180,"texture":"#0"},"down":{"uv":[11.6,8.8,11.9,9.2],"texture":"#0"}}},{"from":[7.56625,-5.43534,4.0815],"to":[8.43376,-4.56783,4.42231],"rotation":{"angle":-22.5,"axis":"x","origin":[8,0,8]},"faces":{"north":{"uv":[12,8.3,12.3,8],"texture":"#0"},"east":{"uv":[12.7,8.1,12.4,8],"rotation":90,"texture":"#0"},"south":{"uv":[8,12,8.3,12.3],"rotation":180,"texture":"#0"},"west":{"uv":[12.7,8.5,12.4,8.4],"rotation":270,"texture":"#0"},"up":{"uv":[8,12.4,8.3,12.5],"rotation":180,"texture":"#0"},"down":{"uv":[8.4,12.4,8.7,12.5],"texture":"#0"}}},{"from":[7.41133,-5.59025,5.16589],"to":[8.58867,-4.41292,5.5067],"rotation":{"angle":-22.5,"axis":"x","origin":[8,0,8]},"faces":{"north":{"uv":[10.8,3.7,11.3,3.2],"texture":"#0"},"east":{"uv":[6.1,12.5,5.6,12.4],"rotation":90,"texture":"#0"},"south":{"uv":[3.2,10.8,3.7,11.3],"rotation":180,"texture":"#0"},"west":{"uv":[12.9,6.5,12.4,6.4],"rotation":270,"texture":"#0"},"up":{"uv":[12.4,5.2,12.9,5.3],"rotation":180,"texture":"#0"},"down":{"uv":[6.4,12.4,6.9,12.5],"texture":"#0"}}},{"from":[7.8,-4.04541,0.06369],"to":[8.2,-3.11593,3.47176],"rotation":{"angle":-45,"axis":"x","origin":[8,0,8]},"faces":{"north":{"uv":[0,0.4,0,0],"rotation":180,"texture":"#0"},"east":{"uv":[3.6,9.2,3.2,10.6],"rotation":270,"texture":"#0"},"south":{"uv":[0,0,0,0.4],"texture":"#0"},"west":{"uv":[9.6,3.2,9.2,4.6],"rotation":90,"texture":"#0"},"up":{"uv":[0,1.4,0,0],"texture":"#0"},"down":{"uv":[0,1.4,0,0],"rotation":180,"texture":"#0"}}},{"from":[8,-11.17641,5.69105],"to":[8,-7.76834,6.86965],"rotation":{"angle":0,"axis":"y","origin":[8,0,8]},"faces":{"north":{"uv":[0,0,0,1.4],"rotation":180,"texture":"#0"},"east":{"uv":[7.7,1.6,7.2,3],"rotation":180,"texture":"#0"},"south":{"uv":[0,0,0,1.4],"rotation":180,"texture":"#0"},"west":{"uv":[7.2,0,7.7,1.4],"rotation":180,"texture":"#0"},"up":{"uv":[0,0,0,1],"texture":"#0"},"down":{"uv":[0,1,0,0],"texture":"#0"}}},{"from":[8,-14.37298,2.79122],"to":[8,-10.96491,3.96982],"rotation":{"angle":-22.5,"axis":"x","origin":[8,0,8]},"faces":{"north":{"uv":[0,0,0,1.4],"rotation":180,"texture":"#0"},"east":{"uv":[7.7,1.6,7.2,3],"rotation":180,"texture":"#0"},"south":{"uv":[0,0,0,1.4],"rotation":180,"texture":"#0"},"west":{"uv":[7.2,0,7.7,1.4],"rotation":180,"texture":"#0"},"up":{"uv":[0,0,0,1],"texture":"#0"},"down":{"uv":[0,1,0,0],"texture":"#0"}}},{"from":[8,-7.15414,3.59105],"to":[8,-4.17554,6.56965],"rotation":{"angle":0,"axis":"y","origin":[8,0,8]},"faces":{"north":{"uv":[0,0,0,1],"texture":"#2"},"east":{"uv":[16,0,0,16],"texture":"#2"},"south":{"uv":[0,0,0,1],"texture":"#2"},"west":{"uv":[0,0,16,16],"texture":"#2"},"up":{"uv":[0,1,0,0],"rotation":180,"texture":"#2"},"down":{"uv":[0,0,0,1],"rotation":180,"texture":"#2"}}},{"from":[8,-5.95795,12.21357],"to":[8,-3.47935,14.69217],"rotation":{"angle":45,"axis":"x","origin":[8,0,8]},"faces":{"north":{"uv":[0,0,0,1],"rotation":180,"texture":"#1"},"east":{"uv":[0,0,16,16],"rotation":180,"texture":"#1"},"south":{"uv":[0,0,0,1],"rotation":180,"texture":"#1"},"west":{"uv":[16,0,0,16],"rotation":180,"texture":"#1"},"up":{"uv":[0,0,0,1],"texture":"#1"},"down":{"uv":[0,1,0,0],"texture":"#1"}}},{"from":[7.875,-9.14928,1.51277],"to":[8.125,-6.14928,4.51277],"rotation":{"angle":-22.5,"axis":"x","origin":[8,0,8]},"faces":{"north":{"uv":[0,1,0,0],"rotation":180,"texture":"#3"},"east":{"uv":[0,0,16,16],"rotation":90,"texture":"#3"},"south":{"uv":[0,0,0,1],"texture":"#3"},"west":{"uv":[16,0,0,16],"rotation":270,"texture":"#3"},"up":{"uv":[0,1,0,0],"rotation":180,"texture":"#3"},"down":{"uv":[0,1,0,0],"texture":"#3"}}},{"from":[7.69017,-8.93547,16.44394],"to":[8.30983,-7.79617,19.86466],"rotation":{"angle":45,"axis":"x","origin":[8,0,8]},"faces":{"north":{"uv":[3.4,12.5,3.2,12],"rotation":180,"texture":"#0"},"east":{"uv":[6.1,0,5.6,2.4],"rotation":270,"texture":"#0"},"south":{"uv":[12.2,1.2,12,1.7],"texture":"#0"},"west":{"uv":[6.9,0,6.4,2.4],"rotation":90,"texture":"#0"},"up":{"uv":[0.4,14.2,0.6,7.6],"texture":"#0"},"down":{"uv":[0,14.2,0.2,7.6],"rotation":180,"texture":"#0"}}},{"from":[7.51203,-5.53707,5.45962],"to":[8.48797,-3.67812,6.38909],"rotation":{"angle":-22.5,"axis":"x","origin":[8,0,8]},"faces":{"north":{"uv":[10.4,5.5,10.8,4.8],"texture":"#0"},"east":{"uv":[7.9,6.8,7.2,6.4],"rotation":90,"texture":"#0"},"south":{"uv":[10.4,1.2,10.8,1.9],"rotation":180,"texture":"#0"},"west":{"uv":[11.1,1.2,10.4,0.8],"rotation":270,"texture":"#0"},"up":{"uv":[11.6,3.6,12,4],"rotation":180,"texture":"#0"},"down":{"uv":[4,11.6,4.4,12],"texture":"#0"}}},{"from":[7.76763,-4.48811,11.5817],"to":[8.23237,-3.32627,12.74354],"rotation":{"angle":45,"axis":"x","origin":[8,0,8]},"faces":{"north":{"uv":[12,4.5,12.2,4],"texture":"#0"},"east":{"uv":[5.3,11.3,4.8,10.8],"rotation":90,"texture":"#0"},"south":{"uv":[4,12,4.2,12.5],"rotation":180,"texture":"#0"},"west":{"uv":[11.3,5.3,10.8,4.8],"rotation":270,"texture":"#0"},"up":{"uv":[12,3.2,12.2,3.7],"rotation":180,"texture":"#0"},"down":{"uv":[3.6,12,3.8,12.5],"texture":"#0"}}},{"from":[7.70567,-14.70478,10.09241],"to":[8.29433,-13.95276,10.84443],"rotation":{"angle":0,"axis":"y","origin":[8,0,8]},"faces":{"north":{"uv":[12.6,5.1,12.4,4.8],"rotation":180,"texture":"#0"},"east":{"uv":[7.5,12,7.2,12.3],"rotation":270,"texture":"#0"},"south":{"uv":[12.6,4.4,12.4,4.7],"texture":"#0"},"west":{"uv":[12.3,7.2,12,7.5],"rotation":90,"texture":"#0"},"up":{"uv":[12.4,4.3,12.6,4],"texture":"#0"},"down":{"uv":[12.4,1.9,12.6,1.6],"rotation":180,"texture":"#0"}}},{"from":[7.54301,-7.31614,6.21822],"to":[8.45699,-6.16978,6.72238],"rotation":{"angle":0,"axis":"x","origin":[8,0,8]},"faces":{"north":{"uv":[3.7,12,3.2,11.6],"rotation":270,"texture":"#0"},"east":{"uv":[12.5,5.6,12,5.8],"rotation":270,"texture":"#0"},"south":{"uv":[12.1,2.8,11.6,3.2],"rotation":270,"texture":"#0"},"west":{"uv":[12.5,6,12,6.2],"rotation":90,"texture":"#0"},"up":{"uv":[1.2,12.6,1.6,12.4],"texture":"#0"},"down":{"uv":[12.4,1.4,12.8,1.2],"rotation":180,"texture":"#0"}}},{"from":[7.55075,-5.22403,5.95605],"to":[8.44925,-4.06218,7.11789],"rotation":{"angle":-22.5,"axis":"x","origin":[8,0,8]},"faces":{"north":{"uv":[12,0,11.6,0.5],"rotation":180,"texture":"#0"},"east":{"uv":[6.9,10.8,6.4,11.3],"rotation":90,"texture":"#0"},"south":{"uv":[1.2,12.1,0.8,11.6],"texture":"#0"},"west":{"uv":[11.3,6.8,10.8,7.3],"rotation":270,"texture":"#0"},"up":{"uv":[10.8,11.7,11.2,11.2],"rotation":180,"texture":"#0"},"down":{"uv":[11.2,11.7,11.6,11.2],"texture":"#0"}}},{"from":[7.95,-5.4303,6.50104],"to":[8.05,-2.02223,7.43052],"rotation":{"angle":22.5,"axis":"x","origin":[8,0,8]},"faces":{"north":{"uv":[0,1.4,0,0],"texture":"#0"},"east":{"uv":[9.2,4.6,8.8,3.2],"texture":"#0"},"south":{"uv":[0,1.4,0,0],"texture":"#0"},"west":{"uv":[9.2,6.2,8.8,4.8],"texture":"#0"},"up":{"uv":[0,0,0,0.4],"texture":"#0"},"down":{"uv":[0,0.4,0,0],"texture":"#0"}}},{"from":[8,-4.85349,5.35708],"to":[8,-1.87489,8.33568],"rotation":{"angle":0,"axis":"y","origin":[8,0,8]},"faces":{"north":{"uv":[0,0,0,1],"rotation":180,"texture":"#2"},"east":{"uv":[16,0,0,16],"rotation":180,"texture":"#2"},"south":{"uv":[0,0,0,1],"rotation":180,"texture":"#2"},"west":{"uv":[0,0,16,16],"rotation":180,"texture":"#2"},"up":{"uv":[0,1,0,0],"texture":"#2"},"down":{"uv":[0,0,0,1],"texture":"#2"}}},{"from":[7.30289,-4.75655,9.65341],"to":[8.69711,-3.28488,11.12508],"rotation":{"angle":45,"axis":"x","origin":[8,0,8]},"faces":{"north":{"uv":[10.2,8.6,9.6,8],"texture":"#0"},"east":{"uv":[10.2,7.8,9.6,7.2],"texture":"#0"},"south":{"uv":[10.2,7,9.6,6.4],"texture":"#0"},"west":{"uv":[9,10.2,8.4,9.6],"texture":"#0"},"up":{"uv":[9.8,9.6,9.2,10.2],"texture":"#0"},"down":{"uv":[10.2,9.4,9.6,8.8],"texture":"#0"}}},{"from":[7.30289,-1.60375,4.76478],"to":[8.69711,-0.287,6.08154],"rotation":{"angle":-45,"axis":"x","origin":[8,0,8]},"faces":{"north":{"uv":[10.6,5.6,10,6.1],"texture":"#0"},"east":{"uv":[8.5,10.4,8,10.9],"texture":"#0"},"south":{"uv":[5.8,10,5.2,10.5],"texture":"#0"},"west":{"uv":[10.9,8.4,10.4,8.9],"texture":"#0"},"up":{"uv":[10.6,9.6,10,10.1],"texture":"#0"},"down":{"uv":[11,0.5,10.4,0],"texture":"#0"}}},{"from":[7.69017,-11.22064,2.97606],"to":[8.30983,-6.79992,4.11536],"rotation":{"angle":-22.5,"axis":"x","origin":[8,0,8]},"faces":{"north":{"uv":[0.2,7.6,0,14.2],"rotation":180,"texture":"#0"},"east":{"uv":[6.1,4,5.6,6.4],"rotation":180,"texture":"#0"},"south":{"uv":[0.6,7.6,0.4,14.2],"rotation":180,"texture":"#0"},"west":{"uv":[6.9,4,6.4,6.4],"rotation":180,"texture":"#0"},"up":{"uv":[3.2,12,3.4,12.5],"rotation":180,"texture":"#0"},"down":{"uv":[12,1.7,12.2,1.2],"rotation":180,"texture":"#0"}}},{"from":[7.54301,-7.44149,0.1305],"to":[8.45699,-6.29513,0.63466],"rotation":{"angle":-45,"axis":"x","origin":[8,0,8]},"faces":{"north":{"uv":[12.1,2.8,11.6,3.2],"rotation":90,"texture":"#0"},"east":{"uv":[12.5,5.6,12,5.8],"rotation":90,"texture":"#0"},"south":{"uv":[3.7,12,3.2,11.6],"rotation":90,"texture":"#0"},"west":{"uv":[12.5,6,12,6.2],"rotation":270,"texture":"#0"},"up":{"uv":[12.4,1.4,12.8,1.2],"rotation":180,"texture":"#0"},"down":{"uv":[1.2,12.6,1.6,12.4],"texture":"#0"}}},{"from":[7.54301,-13.62599,4.80618],"to":[8.45699,-13.12183,5.95254],"rotation":{"angle":-22.5,"axis":"x","origin":[8,0,8]},"faces":{"north":{"uv":[12.8,1.2,12.4,1.4],"rotation":180,"texture":"#0"},"east":{"uv":[12.5,5.6,12,5.8],"rotation":180,"texture":"#0"},"south":{"uv":[1.6,12.4,1.2,12.6],"rotation":180,"texture":"#0"},"west":{"uv":[12.5,6,12,6.2],"rotation":180,"texture":"#0"},"up":{"uv":[3.2,11.6,3.7,12],"rotation":270,"texture":"#0"},"down":{"uv":[11.6,3.2,12.1,2.8],"rotation":90,"texture":"#0"}}},{"from":[7.55075,-7.20588,11.70547],"to":[8.44925,-6.04403,12.86731],"rotation":{"angle":45,"axis":"x","origin":[8,0,8]},"faces":{"north":{"uv":[12,0,11.6,0.5],"rotation":180,"texture":"#0"},"east":{"uv":[6.9,10.8,6.4,11.3],"rotation":90,"texture":"#0"},"south":{"uv":[1.2,12.1,0.8,11.6],"texture":"#0"},"west":{"uv":[11.3,6.8,10.8,7.3],"rotation":270,"texture":"#0"},"up":{"uv":[10.8,11.7,11.2,11.2],"rotation":180,"texture":"#0"},"down":{"uv":[11.2,11.7,11.6,11.2],"texture":"#0"}}},{"from":[7.55075,-9.93765,10.47905],"to":[8.44925,-8.7758,11.64089],"rotation":{"angle":22.5,"axis":"x","origin":[8,0,8]},"faces":{"north":{"uv":[12,0,11.6,0.5],"rotation":180,"texture":"#0"},"east":{"uv":[6.9,10.8,6.4,11.3],"rotation":90,"texture":"#0"},"south":{"uv":[1.2,12.1,0.8,11.6],"texture":"#0"},"west":{"uv":[11.3,6.8,10.8,7.3],"rotation":270,"texture":"#0"},"up":{"uv":[10.8,11.7,11.2,11.2],"rotation":180,"texture":"#0"},"down":{"uv":[11.2,11.7,11.6,11.2],"texture":"#0"}}},{"from":[7.55075,-14.21042,9.32397],"to":[8.44925,-13.04857,10.48581],"rotation":{"angle":0,"axis":"y","origin":[8,0,8]},"faces":{"north":{"uv":[12,0,11.6,0.5],"rotation":180,"texture":"#0"},"east":{"uv":[6.9,10.8,6.4,11.3],"rotation":90,"texture":"#0"},"south":{"uv":[1.2,12.1,0.8,11.6],"texture":"#0"},"west":{"uv":[11.3,6.8,10.8,7.3],"rotation":270,"texture":"#0"},"up":{"uv":[10.8,11.7,11.2,11.2],"rotation":180,"texture":"#0"},"down":{"uv":[11.2,11.7,11.6,11.2],"texture":"#0"}}},{"from":[8.49395,-1.68467,6.88571],"to":[9.13753,2.03323,7.48281],"rotation":{"angle":45,"axis":"y","origin":[8,0,8]},"faces":{"north":{"uv":[9.5,6.4,9.2,7.9],"texture":"#0"},"east":{"uv":[6.7,9.2,6.4,10.7],"texture":"#0"},"south":{"uv":[6.3,9.2,6,10.7],"texture":"#0"},"west":{"uv":[7.1,9.2,6.8,10.7],"texture":"#0"},"up":{"uv":[6.7,12,6.4,12.3],"texture":"#0"},"down":{"uv":[12.3,6.7,12,6.4],"texture":"#0"}}},{"from":[8.44748,-1.68467,6.83923],"to":[9.184,2.03323,7.52929],"rotation":{"angle":45,"axis":"y","origin":[8,0,8]},"faces":{"north":{"uv":[9.5,8,9.2,9.5],"texture":"#0"},"east":{"uv":[7.9,9.2,7.6,10.7],"texture":"#0"},"south":{"uv":[7.5,9.2,7.2,10.7],"texture":"#0"},"west":{"uv":[9.9,0,9.6,1.5],"texture":"#0"},"up":{"uv":[7.1,12,6.8,12.3],"texture":"#0"},"down":{"uv":[12.3,7.1,12,6.8],"texture":"#0"}}},{"from":[8.32777,0.7552,6.71952],"to":[9.30371,1.21994,7.649],"rotation":{"angle":45,"axis":"y","origin":[8,0,8]},"faces":{"north":{"uv":[10.8,12,10.4,12.2],"texture":"#0"},"east":{"uv":[12.4,10,12,10.2],"texture":"#0"},"south":{"uv":[10.4,12,10,12.2],"texture":"#0"},"west":{"uv":[12.4,10.4,12,10.6],"texture":"#0"},"up":{"uv":[12,4.8,11.6,5.2],"texture":"#0"},"down":{"uv":[5.6,12,5.2,11.6],"texture":"#0"}}},{"from":[8.32777,1.66849,6.71952],"to":[9.30371,2.13323,7.649],"rotation":{"angle":45,"axis":"y","origin":[8,0,8]},"faces":{"north":{"uv":[10.8,12,10.4,12.2],"texture":"#0"},"east":{"uv":[12.4,10,12,10.2],"texture":"#0"},"south":{"uv":[10.4,12,10,12.2],"texture":"#0"},"west":{"uv":[12.4,10.4,12,10.6],"texture":"#0"},"up":{"uv":[12,4.8,11.6,5.2],"texture":"#0"},"down":{"uv":[5.6,12,5.2,11.6],"texture":"#0"}}},{"from":[8.32777,-1.21993,6.71952],"to":[9.30371,-0.7552,7.649],"rotation":{"angle":45,"axis":"y","origin":[8,0,8]},"faces":{"north":{"uv":[10.8,12,10.4,12.2],"texture":"#0"},"east":{"uv":[12.4,10,12,10.2],"texture":"#0"},"south":{"uv":[10.4,12,10,12.2],"texture":"#0"},"west":{"uv":[12.4,10.4,12,10.6],"texture":"#0"},"up":{"uv":[12,4.8,11.6,5.2],"texture":"#0"},"down":{"uv":[5.6,12,5.2,11.6],"texture":"#0"}}},{"from":[8.32777,-2.13322,6.71952],"to":[9.30371,-1.66849,7.649],"rotation":{"angle":45,"axis":"y","origin":[8,0,8]},"faces":{"north":{"uv":[10.8,12,10.4,12.2],"texture":"#0"},"east":{"uv":[12.4,10,12,10.2],"texture":"#0"},"south":{"uv":[10.4,12,10,12.2],"texture":"#0"},"west":{"uv":[12.4,10.4,12,10.6],"texture":"#0"},"up":{"uv":[12,4.8,11.6,5.2],"texture":"#0"},"down":{"uv":[5.6,12,5.2,11.6],"texture":"#0"}}}],"gui_light":"front","display":{"thirdperson_righthand":{"translation":[0,6.25,2.5],"scale":[1.04,1.04,1.04]},"thirdperson_lefthand":{"translation":[0,6.25,2.5],"scale":[1.04,1.04,1.04]},"firstperson_righthand":{"rotation":[12,0,0],"translation":[14,15.75,-9.75],"scale":[1.2,1.2,1.2]},"firstperson_lefthand":{"rotation":[12,0,0],"translation":[14,15.75,-9.75],"scale":[1.2,1.2,1.2]},"ground":{"rotation":[45,0,-177.83],"translation":[1.75,7,-6],"scale":[0.8,0.8,0.8]},"gui":{"rotation":[90,45,-90],"translation":[3,4.25,0],"scale":[0.64,0.64,0.64]},"head":{"scale":[0,0,0]},"fixed":{"rotation":[-180,-90,-180],"translation":[-0.75,23.5,-1.85],"scale":[2.6,2.6,2.6]}}}