{"credit":"MadewithBlockbench","textures":{"0":"elitecreatures:steamsparks_animated_weapon_set/texture","1":"elitecreatures:steamsparks_animated_weapon_set/smoke_1","2":"elitecreatures:steamsparks_animated_weapon_set/cog_01","3":"elitecreatures:steamsparks_animated_weapon_set/lightning_1","particle":"elitecreatures:steamsparks_animated_weapon_set/texture"},"elements":[{"from":[7.65609,-1.70627,7.11227],"to":[8.34391,-1.02466,8.22764],"rotation":{"angle":-22.5,"axis":"x","origin":[8,-1.20956,7.95214]},"faces":{"north":{"uv":[7.9,12.3,7.6,12],"rotation":180,"texture":"#0"},"east":{"uv":[11.6,8.4,11.9,8.8],"rotation":90,"texture":"#0"},"south":{"uv":[12.3,7.6,12,7.9],"texture":"#0"},"west":{"uv":[11.6,9.2,11.9,9.6],"rotation":270,"texture":"#0"},"up":{"uv":[11.6,8.8,11.9,9.2],"texture":"#0"},"down":{"uv":[11.6,8,11.9,8.4],"rotation":180,"texture":"#0"}}},{"from":[7.56625,-1.79922,8.19666],"to":[8.43376,-0.93171,8.53747],"rotation":{"angle":-22.5,"axis":"x","origin":[8,-1.20956,7.95214]},"faces":{"north":{"uv":[8.3,12.3,8,12],"rotation":180,"texture":"#0"},"east":{"uv":[12.4,8,12.7,8.1],"rotation":90,"texture":"#0"},"south":{"uv":[12.3,8,12,8.3],"texture":"#0"},"west":{"uv":[12.4,8.4,12.7,8.5],"rotation":270,"texture":"#0"},"up":{"uv":[8.4,12.4,8.7,12.5],"texture":"#0"},"down":{"uv":[8,12.4,8.3,12.5],"rotation":180,"texture":"#0"}}},{"from":[7.41133,-1.95413,7.11227],"to":[8.58867,-0.7768,7.45308],"rotation":{"angle":-22.5,"axis":"x","origin":[8,-1.20956,7.95214]},"faces":{"north":{"uv":[3.7,11.3,3.2,10.8],"rotation":180,"texture":"#0"},"east":{"uv":[5.6,12.4,6.1,12.5],"rotation":90,"texture":"#0"},"south":{"uv":[11.3,3.2,10.8,3.7],"texture":"#0"},"west":{"uv":[12.4,6.4,12.9,6.5],"rotation":270,"texture":"#0"},"up":{"uv":[6.4,12.4,6.9,12.5],"texture":"#0"},"down":{"uv":[12.4,5.2,12.9,5.3],"rotation":180,"texture":"#0"}}},{"from":[7.55,-1.81961,6.81616],"to":[8.45,-0.89013,10.22423],"rotation":{"angle":22.5,"axis":"x","origin":[8,-1.20956,7.95214]},"faces":{"north":{"uv":[0,0.4,0,0],"texture":"#0"},"east":{"uv":[3.2,10.6,3.6,9.2],"rotation":270,"texture":"#0"},"south":{"uv":[0,0,0,0.4],"rotation":180,"texture":"#0"},"west":{"uv":[9.2,4.6,9.6,3.2],"rotation":90,"texture":"#0"},"up":{"uv":[0,1.4,0,0],"rotation":180,"texture":"#0"},"down":{"uv":[0,1.4,0,0],"texture":"#0"}}},{"from":[8,0.51834,8.47673],"to":[8,3.92641,9.65533],"rotation":{"angle":0,"axis":"y","origin":[8,2.22238,9.06603]},"faces":{"north":{"uv":[0,1.4,0,0],"rotation":180,"texture":"#0"},"east":{"uv":[7.2,3,7.7,1.6],"rotation":180,"texture":"#0"},"south":{"uv":[0,1.4,0,0],"rotation":180,"texture":"#0"},"west":{"uv":[7.7,1.4,7.2,0],"rotation":180,"texture":"#0"},"up":{"uv":[0,1,0,0],"texture":"#0"},"down":{"uv":[0,0,0,1],"texture":"#0"}}},{"from":[8,-1.48166,7.32673],"to":[8,10.67641,7.52673],"rotation":{"angle":0,"axis":"y","origin":[8,2.22238,7.91603]},"faces":{"north":{"uv":[0,1.4,0,0],"rotation":180,"texture":"#0"},"east":{"uv":[3.2,14,3.3,12.6],"rotation":180,"texture":"#0"},"south":{"uv":[0,1.4,0,0],"rotation":180,"texture":"#0"},"west":{"uv":[3.3,14,3.2,12.6],"rotation":180,"texture":"#0"},"up":{"uv":[0,1,0,0],"texture":"#0"},"down":{"uv":[0,0,0,1],"texture":"#0"}}},{"from":[8,18.19216,7.5929],"to":[8,21.85023,7.7929],"rotation":{"angle":-22.5,"axis":"x","origin":[16,13.7652,26.55193]},"faces":{"north":{"uv":[0,1.4,0,0],"rotation":180,"texture":"#0"},"east":{"uv":[3.2,14,3.3,12.6],"rotation":180,"texture":"#0"},"south":{"uv":[0,1.4,0,0],"rotation":180,"texture":"#0"},"west":{"uv":[3.3,14,3.2,12.6],"rotation":180,"texture":"#0"},"up":{"uv":[0,1,0,0],"texture":"#0"},"down":{"uv":[0,0,0,1],"texture":"#0"}}},{"from":[8,13.44961,4.66281],"to":[8,16.20768,4.86281],"rotation":{"angle":-45,"axis":"x","origin":[8,15.27864,4.76281]},"faces":{"north":{"uv":[0,1.4,0,0],"rotation":180,"texture":"#0"},"east":{"uv":[3.2,14,3.3,12.6],"rotation":180,"texture":"#0"},"south":{"uv":[0,1.4,0,0],"rotation":180,"texture":"#0"},"west":{"uv":[3.3,14,3.2,12.6],"rotation":180,"texture":"#0"},"up":{"uv":[0,1,0,0],"texture":"#0"},"down":{"uv":[0,0,0,1],"texture":"#0"}}},{"from":[8,7.59605,-6.33364],"to":[8,20.25412,-6.13364],"rotation":{"angle":45,"axis":"x","origin":[8,5.71259,-6.23364]},"faces":{"north":{"uv":[0,1.4,0,0],"rotation":180,"texture":"#0"},"east":{"uv":[3.2,14,3.3,12.6],"rotation":180,"texture":"#0"},"south":{"uv":[0,1.4,0,0],"rotation":180,"texture":"#0"},"west":{"uv":[3.3,14,3.2,12.6],"rotation":180,"texture":"#0"},"up":{"uv":[0,1,0,0],"texture":"#0"},"down":{"uv":[0,0,0,1],"texture":"#0"}}},{"from":[8,6.94605,-6.58364],"to":[8,7.60412,-5.88364],"rotation":{"angle":45,"axis":"x","origin":[8,5.71259,-6.23364]},"faces":{"north":{"uv":[0,1.4,0,0],"rotation":180,"texture":"#0"},"east":{"uv":[3.4,12.9,3.7,12.6],"rotation":180,"texture":"#0"},"south":{"uv":[0,1.4,0,0],"rotation":180,"texture":"#0"},"west":{"uv":[3.7,12.9,3.4,12.6],"rotation":180,"texture":"#0"},"up":{"uv":[0,1,0,0],"texture":"#0"},"down":{"uv":[0,0,0,1],"texture":"#0"}}},{"from":[8,6.04605,-6.58364],"to":[8,6.95412,-5.88364],"rotation":{"angle":45,"axis":"x","origin":[8,5.71259,-6.23364]},"faces":{"north":{"uv":[0,1.4,0,0],"rotation":180,"texture":"#0"},"east":{"uv":[3.8,13,4.1,12.6],"rotation":180,"texture":"#0"},"south":{"uv":[0,1.4,0,0],"rotation":180,"texture":"#0"},"west":{"uv":[4.1,13,3.8,12.6],"rotation":180,"texture":"#0"},"up":{"uv":[0,1,0,0],"texture":"#0"},"down":{"uv":[0,0,0,1],"texture":"#0"}}},{"from":[8,-3.57446,8.27673],"to":[8,-0.59586,11.25533],"rotation":{"angle":0,"axis":"x","origin":[8.1,-3.90301,10.64753]},"faces":{"north":{"uv":[0,1,0,0],"texture":"#2"},"east":{"uv":[0,16,16,0],"texture":"#2"},"south":{"uv":[0,1,0,0],"texture":"#2"},"west":{"uv":[16,16,0,0],"texture":"#2"},"up":{"uv":[0,0,0,1],"rotation":180,"texture":"#2"},"down":{"uv":[0,1,0,0],"rotation":180,"texture":"#2"}}},{"from":[8,-0.54695,9.3379],"to":[8,1.93165,11.8165],"rotation":{"angle":0,"axis":"x","origin":[8,0.69235,10.5772]},"faces":{"north":{"uv":[0,1,0,0],"texture":"#1"},"east":{"uv":[16,16,0,0],"texture":"#1"},"south":{"uv":[0,1,0,0],"texture":"#1"},"west":{"uv":[0,16,16,0],"texture":"#1"},"up":{"uv":[0,0,0,1],"texture":"#1"},"down":{"uv":[0,1,0,0],"texture":"#1"}}},{"from":[7.75,1.97554,7.52673],"to":[8.25,4.97554,10.52673],"rotation":{"angle":0,"axis":"x","origin":[8,3.09699,9.89753]},"faces":{"north":{"uv":[0,1,0,0],"texture":"#3"},"east":{"uv":[16,16,0,0],"rotation":90,"texture":"#3"},"south":{"uv":[0,0,0,1],"rotation":180,"texture":"#3"},"west":{"uv":[0,16,16,0],"rotation":270,"texture":"#3"},"up":{"uv":[0,1,0,0],"texture":"#3"},"down":{"uv":[0,1,0,0],"rotation":180,"texture":"#3"}}},{"from":[7.69017,-1.46584,7.74638],"to":[8.30983,10.95488,8.88568],"rotation":{"angle":0,"axis":"x","origin":[8,0.59699,9.14753]},"faces":{"north":{"uv":[0.4,14.2,0.6,7.6],"rotation":180,"texture":"#0"},"east":{"uv":[5.6,6.6,6.1,4.2],"rotation":180,"texture":"#0"},"south":{"uv":[0,14.2,0.2,7.6],"rotation":180,"texture":"#0"},"west":{"uv":[6.4,6.6,6.9,4.2],"rotation":180,"texture":"#0"},"up":{"uv":[12,1.7,12.2,1.2],"rotation":180,"texture":"#0"},"down":{"uv":[3.2,12,3.4,12.5],"rotation":180,"texture":"#0"}}},{"from":[7.69017,10.5495,6.94768],"to":[8.30983,14.97022,8.08698],"rotation":{"angle":-22.5,"axis":"x","origin":[8,12.75986,7.46733]},"faces":{"north":{"uv":[0.4,14.2,0.6,7.6],"rotation":180,"texture":"#0"},"east":{"uv":[5.6,6.4,6.1,4],"rotation":180,"texture":"#0"},"south":{"uv":[0,14.2,0.2,7.6],"rotation":180,"texture":"#0"},"west":{"uv":[6.4,6.4,6.9,4],"rotation":180,"texture":"#0"},"up":{"uv":[12,1.7,12.2,1.2],"rotation":180,"texture":"#0"},"down":{"uv":[3.2,12,3.4,12.5],"rotation":180,"texture":"#0"}}},{"from":[7.69017,15.89991,4.0393],"to":[8.30983,17.03921,7.46002],"rotation":{"angle":45,"axis":"x","origin":[8,16.36034,4.91264]},"faces":{"north":{"uv":[12,1.7,12.2,1.2],"texture":"#0"},"east":{"uv":[5.6,2.4,6.1,0],"rotation":270,"texture":"#0"},"south":{"uv":[3.2,12,3.4,12.5],"rotation":180,"texture":"#0"},"west":{"uv":[6.4,2.4,6.9,0],"rotation":90,"texture":"#0"},"up":{"uv":[0,14.2,0.2,7.6],"rotation":180,"texture":"#0"},"down":{"uv":[0.4,14.2,0.6,7.6],"texture":"#0"}}},{"from":[7.51203,-2.68893,6.22988],"to":[8.48797,-0.82998,7.15935],"rotation":{"angle":-22.5,"axis":"x","origin":[8,-1.20956,7.95214]},"faces":{"north":{"uv":[10.8,1.9,10.4,1.2],"rotation":180,"texture":"#0"},"east":{"uv":[7.2,6.4,7.9,6.8],"rotation":90,"texture":"#0"},"south":{"uv":[10.8,4.8,10.4,5.5],"texture":"#0"},"west":{"uv":[10.4,0.8,11.1,1.2],"rotation":270,"texture":"#0"},"up":{"uv":[4,11.6,4.4,12],"texture":"#0"},"down":{"uv":[11.6,3.6,12,4],"rotation":180,"texture":"#0"}}},{"from":[7.76763,-2.93642,6.69795],"to":[8.23237,-1.77458,7.85979],"rotation":{"angle":45,"axis":"x","origin":[8,-1.20956,7.95214]},"faces":{"north":{"uv":[4.2,12.5,4,12],"rotation":180,"texture":"#0"},"east":{"uv":[4.8,10.8,5.3,11.3],"rotation":90,"texture":"#0"},"south":{"uv":[12.2,4,12,4.5],"texture":"#0"},"west":{"uv":[10.8,4.8,11.3,5.3],"rotation":270,"texture":"#0"},"up":{"uv":[3.6,12,3.8,12.5],"texture":"#0"},"down":{"uv":[12,3.2,12.2,3.7],"rotation":180,"texture":"#0"}}},{"from":[7.70567,16.70276,4.00195],"to":[8.29433,17.45478,4.75397],"rotation":{"angle":0,"axis":"x","origin":[8,16.36034,4.91264]},"faces":{"north":{"uv":[12.4,4.7,12.6,4.4],"texture":"#0"},"east":{"uv":[7.2,12.3,7.5,12],"rotation":270,"texture":"#0"},"south":{"uv":[12.4,4.8,12.6,5.1],"rotation":180,"texture":"#0"},"west":{"uv":[12,7.5,12.3,7.2],"rotation":90,"texture":"#0"},"up":{"uv":[12.4,1.9,12.6,1.6],"rotation":180,"texture":"#0"},"down":{"uv":[12.4,4.3,12.6,4],"texture":"#0"}}},{"from":[7.54301,0.54088,7.0529],"to":[8.45699,1.04504,8.19926],"rotation":{"angle":22.5,"axis":"x","origin":[8,0.79296,7.62608]},"faces":{"north":{"uv":[1.2,12.6,1.6,12.4],"rotation":180,"texture":"#0"},"east":{"uv":[12,5.8,12.5,5.6],"rotation":180,"texture":"#0"},"south":{"uv":[12.4,1.4,12.8,1.2],"rotation":180,"texture":"#0"},"west":{"uv":[12,6.2,12.5,6],"rotation":180,"texture":"#0"},"up":{"uv":[11.6,3.2,12.1,2.8],"rotation":90,"texture":"#0"},"down":{"uv":[3.2,11.6,3.7,12],"rotation":270,"texture":"#0"}}},{"from":[7.54301,4.54088,7.0529],"to":[8.45699,5.04504,8.19926],"rotation":{"angle":22.5,"axis":"x","origin":[8,4.79296,7.62608]},"faces":{"north":{"uv":[1.2,12.6,1.6,12.4],"rotation":180,"texture":"#0"},"east":{"uv":[12,5.8,12.5,5.6],"rotation":180,"texture":"#0"},"south":{"uv":[12.4,1.4,12.8,1.2],"rotation":180,"texture":"#0"},"west":{"uv":[12,6.2,12.5,6],"rotation":180,"texture":"#0"},"up":{"uv":[11.6,3.2,12.1,2.8],"rotation":90,"texture":"#0"},"down":{"uv":[3.2,11.6,3.7,12],"rotation":270,"texture":"#0"}}},{"from":[7.54301,8.54088,7.0529],"to":[8.45699,9.04504,8.19926],"rotation":{"angle":22.5,"axis":"x","origin":[8,8.79296,7.62608]},"faces":{"north":{"uv":[1.2,12.6,1.6,12.4],"rotation":180,"texture":"#0"},"east":{"uv":[12,5.8,12.5,5.6],"rotation":180,"texture":"#0"},"south":{"uv":[12.4,1.4,12.8,1.2],"rotation":180,"texture":"#0"},"west":{"uv":[12,6.2,12.5,6],"rotation":180,"texture":"#0"},"up":{"uv":[11.6,3.2,12.1,2.8],"rotation":90,"texture":"#0"},"down":{"uv":[3.2,11.6,3.7,12],"rotation":270,"texture":"#0"}}},{"from":[7.54301,12.39088,6.3029],"to":[8.45699,12.89504,7.44926],"rotation":{"angle":0,"axis":"x","origin":[8,12.64296,6.87608]},"faces":{"north":{"uv":[1.2,12.6,1.6,12.4],"rotation":180,"texture":"#0"},"east":{"uv":[12,5.8,12.5,5.6],"rotation":180,"texture":"#0"},"south":{"uv":[12.4,1.4,12.8,1.2],"rotation":180,"texture":"#0"},"west":{"uv":[12,6.2,12.5,6],"rotation":180,"texture":"#0"},"up":{"uv":[11.6,3.2,12.1,2.8],"rotation":90,"texture":"#0"},"down":{"uv":[3.2,11.6,3.7,12],"rotation":270,"texture":"#0"}}},{"from":[7.54301,16.12196,3.56884],"to":[8.45699,16.62612,4.7152],"rotation":{"angle":-22.5,"axis":"x","origin":[8,16.26034,4.81264]},"faces":{"north":{"uv":[1.2,12.6,1.6,12.4],"rotation":180,"texture":"#0"},"east":{"uv":[12,5.8,12.5,5.6],"rotation":180,"texture":"#0"},"south":{"uv":[12.4,1.4,12.8,1.2],"rotation":180,"texture":"#0"},"west":{"uv":[12,6.2,12.5,6],"rotation":180,"texture":"#0"},"up":{"uv":[11.6,3.2,12.1,2.8],"rotation":90,"texture":"#0"},"down":{"uv":[3.2,11.6,3.7,12],"rotation":270,"texture":"#0"}}},{"from":[7.55075,-2.30487,5.50108],"to":[8.44925,-1.14302,6.66292],"rotation":{"angle":-22.5,"axis":"x","origin":[8,-1.20956,7.95214]},"faces":{"north":{"uv":[0.8,11.6,1.2,12.1],"texture":"#0"},"east":{"uv":[6.4,11.3,6.9,10.8],"rotation":90,"texture":"#0"},"south":{"uv":[11.6,0.5,12,0],"rotation":180,"texture":"#0"},"west":{"uv":[10.8,7.3,11.3,6.8],"rotation":270,"texture":"#0"},"up":{"uv":[11.2,11.7,11.6,11.2],"texture":"#0"},"down":{"uv":[10.8,11.7,11.2,11.2],"rotation":180,"texture":"#0"}}},{"from":[7.55075,-5.36544,7.41908],"to":[8.44925,-4.20359,8.58092],"rotation":{"angle":45,"axis":"x","origin":[8,-4.78451,8]},"faces":{"north":{"uv":[0.8,11.6,1.2,12.1],"texture":"#0"},"east":{"uv":[6.4,11.3,6.9,10.8],"rotation":90,"texture":"#0"},"south":{"uv":[11.6,0.5,12,0],"rotation":180,"texture":"#0"},"west":{"uv":[10.8,7.3,11.3,6.8],"rotation":270,"texture":"#0"},"up":{"uv":[11.2,11.7,11.6,11.2],"texture":"#0"},"down":{"uv":[10.8,11.7,11.2,11.2],"rotation":180,"texture":"#0"}}},{"from":[7.55075,-0.11544,7.66908],"to":[8.44925,1.04641,8.83092],"rotation":{"angle":45,"axis":"x","origin":[8,0.46549,8.25]},"faces":{"north":{"uv":[0.8,11.6,1.2,12.1],"texture":"#0"},"east":{"uv":[6.4,11.3,6.9,10.8],"rotation":90,"texture":"#0"},"south":{"uv":[11.6,0.5,12,0],"rotation":180,"texture":"#0"},"west":{"uv":[10.8,7.3,11.3,6.8],"rotation":270,"texture":"#0"},"up":{"uv":[11.2,11.7,11.6,11.2],"texture":"#0"},"down":{"uv":[10.8,11.7,11.2,11.2],"rotation":180,"texture":"#0"}}},{"from":[7.55075,3.88456,7.66908],"to":[8.44925,5.04641,8.83092],"rotation":{"angle":45,"axis":"x","origin":[8,4.46549,8.25]},"faces":{"north":{"uv":[0.8,11.6,1.2,12.1],"texture":"#0"},"east":{"uv":[6.4,11.3,6.9,10.8],"rotation":90,"texture":"#0"},"south":{"uv":[11.6,0.5,12,0],"rotation":180,"texture":"#0"},"west":{"uv":[10.8,7.3,11.3,6.8],"rotation":270,"texture":"#0"},"up":{"uv":[11.2,11.7,11.6,11.2],"texture":"#0"},"down":{"uv":[10.8,11.7,11.2,11.2],"rotation":180,"texture":"#0"}}},{"from":[7.55075,7.88456,7.66908],"to":[8.44925,9.04641,8.83092],"rotation":{"angle":45,"axis":"x","origin":[8,8.46549,8.25]},"faces":{"north":{"uv":[0.8,11.6,1.2,12.1],"texture":"#0"},"east":{"uv":[6.4,11.3,6.9,10.8],"rotation":90,"texture":"#0"},"south":{"uv":[11.6,0.5,12,0],"rotation":180,"texture":"#0"},"west":{"uv":[10.8,7.3,11.3,6.8],"rotation":270,"texture":"#0"},"up":{"uv":[11.2,11.7,11.6,11.2],"texture":"#0"},"down":{"uv":[10.8,11.7,11.2,11.2],"rotation":180,"texture":"#0"}}},{"from":[7.55075,11.98456,7.01908],"to":[8.44925,13.14641,8.18092],"rotation":{"angle":22.5,"axis":"x","origin":[8,12.56549,7.6]},"faces":{"north":{"uv":[0.8,11.6,1.2,12.1],"texture":"#0"},"east":{"uv":[6.4,11.3,6.9,10.8],"rotation":90,"texture":"#0"},"south":{"uv":[11.6,0.5,12,0],"rotation":180,"texture":"#0"},"west":{"uv":[10.8,7.3,11.3,6.8],"rotation":270,"texture":"#0"},"up":{"uv":[11.2,11.7,11.6,11.2],"texture":"#0"},"down":{"uv":[10.8,11.7,11.2,11.2],"rotation":180,"texture":"#0"}}},{"from":[7.55075,15.79857,4.36057],"to":[8.44925,16.96042,5.52241],"rotation":{"angle":0,"axis":"x","origin":[8,16.36034,4.91264]},"faces":{"north":{"uv":[0.8,11.6,1.2,12.1],"texture":"#0"},"east":{"uv":[6.4,11.3,6.9,10.8],"rotation":90,"texture":"#0"},"south":{"uv":[11.6,0.5,12,0],"rotation":180,"texture":"#0"},"west":{"uv":[10.8,7.3,11.3,6.8],"rotation":270,"texture":"#0"},"up":{"uv":[11.2,11.7,11.6,11.2],"texture":"#0"},"down":{"uv":[10.8,11.7,11.2,11.2],"rotation":180,"texture":"#0"}}},{"from":[8,-5.6499,7.62385],"to":[8,-2.24183,8.55333],"rotation":{"angle":22.5,"axis":"x","origin":[8,-6.93824,8.01146]},"faces":{"north":{"uv":[0,0,0,1.4],"texture":"#0"},"east":{"uv":[8.8,3.2,9.2,4.6],"texture":"#0"},"south":{"uv":[0,0,0,1.4],"texture":"#0"},"west":{"uv":[8.8,4.8,9.2,6.2],"texture":"#0"},"up":{"uv":[0,0.4,0,0],"texture":"#0"},"down":{"uv":[0,0,0,0.4],"texture":"#0"}}},{"from":[8,-11.95349,6.5107],"to":[8,-8.97489,9.4893],"rotation":{"angle":0,"axis":"y","origin":[8,-1.93824,8.01146]},"faces":{"north":{"uv":[0,0,0,1],"rotation":180,"texture":"#2"},"east":{"uv":[0,0,16,16],"rotation":180,"texture":"#2"},"south":{"uv":[0,0,0,1],"rotation":180,"texture":"#2"},"west":{"uv":[16,0,0,16],"rotation":180,"texture":"#2"},"up":{"uv":[0,0,0,1],"texture":"#2"},"down":{"uv":[0,1,0,0],"texture":"#2"}}},{"from":[7.9,-5.20349,6.5107],"to":[8.1,-2.22489,9.4893],"rotation":{"angle":0,"axis":"y","origin":[8,-6.93824,8.01146]},"faces":{"north":{"uv":[0,0,0,1],"rotation":180,"texture":"#2"},"east":{"uv":[0,0,16,16],"rotation":180,"texture":"#2"},"south":{"uv":[0,0,0,1],"rotation":180,"texture":"#2"},"west":{"uv":[16,0,0,16],"rotation":180,"texture":"#2"},"up":{"uv":[0,0,0,1],"texture":"#2"},"down":{"uv":[0,1,0,0],"texture":"#2"}}},{"from":[7.67011,-8.89824,7.70481],"to":[8.31369,-5.18034,8.30191],"rotation":{"angle":-45,"axis":"y","origin":[8,-3.53824,8.01146]},"faces":{"north":{"uv":[6,9.2,6.3,10.7],"texture":"#0"},"east":{"uv":[6.4,9.2,6.7,10.7],"texture":"#0"},"south":{"uv":[9.2,6.4,9.5,7.9],"texture":"#0"},"west":{"uv":[6.8,9.2,7.1,10.7],"texture":"#0"},"up":{"uv":[6.7,12.3,6.4,12],"texture":"#0"},"down":{"uv":[12.3,6.4,12,6.7],"texture":"#0"}}},{"from":[7.67011,-2.79824,8.60481],"to":[8.31369,0.91966,9.20191],"rotation":{"angle":-45,"axis":"y","origin":[8,-1.18824,8.91146]},"faces":{"north":{"uv":[6,9.2,6.3,10.7],"texture":"#0"},"east":{"uv":[6.4,9.2,6.7,10.7],"texture":"#0"},"south":{"uv":[9.2,6.4,9.5,7.9],"texture":"#0"},"west":{"uv":[6.8,9.2,7.1,10.7],"texture":"#0"},"up":{"uv":[6.7,12.3,6.4,12],"texture":"#0"},"down":{"uv":[12.3,6.4,12,6.7],"texture":"#0"}}},{"from":[7.62364,-8.89824,7.65833],"to":[8.36016,-5.18034,8.34839],"rotation":{"angle":-45,"axis":"y","origin":[8,-3.53824,8.01146]},"faces":{"north":{"uv":[7.2,9.2,7.5,10.7],"texture":"#0"},"east":{"uv":[7.6,9.2,7.9,10.7],"texture":"#0"},"south":{"uv":[9.2,8,9.5,9.5],"texture":"#0"},"west":{"uv":[9.6,0,9.9,1.5],"texture":"#0"},"up":{"uv":[7.1,12.3,6.8,12],"texture":"#0"},"down":{"uv":[12.3,6.8,12,7.1],"texture":"#0"}}},{"from":[7.50393,-6.45837,7.53862],"to":[8.47987,-5.99363,8.4681],"rotation":{"angle":-45,"axis":"y","origin":[8,-3.53824,8.01146]},"faces":{"north":{"uv":[10,12,10.4,12.2],"texture":"#0"},"east":{"uv":[12,10,12.4,10.2],"texture":"#0"},"south":{"uv":[10.4,12,10.8,12.2],"texture":"#0"},"west":{"uv":[12,10.4,12.4,10.6],"texture":"#0"},"up":{"uv":[12,5.2,11.6,4.8],"texture":"#0"},"down":{"uv":[5.6,11.6,5.2,12],"texture":"#0"}}},{"from":[7.50393,-5.54508,7.53862],"to":[8.47987,-5.08034,8.4681],"rotation":{"angle":-45,"axis":"y","origin":[8,-3.53824,8.01146]},"faces":{"north":{"uv":[10,12,10.4,12.2],"texture":"#0"},"east":{"uv":[12,10,12.4,10.2],"texture":"#0"},"south":{"uv":[10.4,12,10.8,12.2],"texture":"#0"},"west":{"uv":[12,10.4,12.4,10.6],"texture":"#0"},"up":{"uv":[12,5.2,11.6,4.8],"texture":"#0"},"down":{"uv":[5.6,11.6,5.2,12],"texture":"#0"}}},{"from":[7.50393,-8.4335,7.53862],"to":[8.47987,-7.96877,8.4681],"rotation":{"angle":-45,"axis":"y","origin":[8,-3.53824,8.01146]},"faces":{"north":{"uv":[10,12,10.4,12.2],"texture":"#0"},"east":{"uv":[12,10,12.4,10.2],"texture":"#0"},"south":{"uv":[10.4,12,10.8,12.2],"texture":"#0"},"west":{"uv":[12,10.4,12.4,10.6],"texture":"#0"},"up":{"uv":[12,5.2,11.6,4.8],"texture":"#0"},"down":{"uv":[5.6,11.6,5.2,12],"texture":"#0"}}},{"from":[7.50393,-9.34679,7.53862],"to":[8.47987,-8.88206,8.4681],"rotation":{"angle":-45,"axis":"y","origin":[8,-3.53824,8.01146]},"faces":{"north":{"uv":[10,12,10.4,12.2],"texture":"#0"},"east":{"uv":[12,10,12.4,10.2],"texture":"#0"},"south":{"uv":[10.4,12,10.8,12.2],"texture":"#0"},"west":{"uv":[12,10.4,12.4,10.6],"texture":"#0"},"up":{"uv":[12,5.2,11.6,4.8],"texture":"#0"},"down":{"uv":[5.6,11.6,5.2,12],"texture":"#0"}}},{"from":[7.30289,-4.69765,4.28299],"to":[8.69711,-3.22598,5.75466],"rotation":{"angle":45,"axis":"x","origin":[8,-6.93824,8.01146]},"faces":{"north":{"uv":[9.6,6.4,10.2,7],"texture":"#0"},"east":{"uv":[9.6,7.2,10.2,7.8],"texture":"#0"},"south":{"uv":[9.6,8,10.2,8.6],"texture":"#0"},"west":{"uv":[8.4,9.6,9,10.2],"texture":"#0"},"up":{"uv":[10.2,9.4,9.6,8.8],"texture":"#0"},"down":{"uv":[9.8,9.6,9.2,10.2],"texture":"#0"}}},{"from":[7.30289,-8.01574,12.756],"to":[8.69711,-6.69899,14.07276],"rotation":{"angle":45,"axis":"x","origin":[8,-1.93824,8.01146]},"faces":{"north":{"uv":[5.2,10,5.8,10.5],"texture":"#0"},"east":{"uv":[8,10.4,8.5,10.9],"texture":"#0"},"south":{"uv":[10,5.6,10.6,6.1],"texture":"#0"},"west":{"uv":[10.4,8.4,10.9,8.9],"texture":"#0"},"up":{"uv":[10.6,10.1,10,9.6],"texture":"#0"},"down":{"uv":[11,0,10.4,0.5],"texture":"#0"}}}],"gui_light":"front","display":{"thirdperson_righthand":{"translation":[0,17.25,1.75],"scale":[1.27,1.27,1.27]},"thirdperson_lefthand":{"translation":[0,17.25,1.75],"scale":[1.27,1.27,1.27]},"firstperson_righthand":{"translation":[10.25,11.75,-6.25],"scale":[1.03125,1.03125,1.03125]},"firstperson_lefthand":{"translation":[10.25,11.75,-6.25],"scale":[1.03125,1.03125,1.03125]},"ground":{"rotation":[-45,0,0],"translation":[-0.25,14,-6.5]},"gui":{"rotation":[-90,-45,-90],"translation":[1.5,3.25,0],"scale":[0.64766,0.64766,0.64766]},"head":{"scale":[0,0,0]},"fixed":{"rotation":[-180,-90,-180],"translation":[0,33.5,-2.1],"scale":[3,3,3]}}}