{"credit":"MadewithBlockbench","textures":{"0":"elitecreatures:steamsparks_animated_weapon_set/texture","1":"elitecreatures:steamsparks_animated_weapon_set/smoke_1","2":"elitecreatures:steamsparks_animated_weapon_set/cog_01","3":"elitecreatures:steamsparks_animated_weapon_set/lightning_1","particle":"elitecreatures:steamsparks_animated_weapon_set/texture"},"elements":[{"from":[5.93336,0.76966,7.49832],"to":[10.06663,1.69913,8.4278],"rotation":{"angle":0,"axis":"y","origin":[8,2.07224,8]},"faces":{"north":{"uv":[8.8,2.8,10.7,3.2],"texture":"#0"},"east":{"uv":[10.4,9.2,10.8,9.6],"texture":"#0"},"south":{"uv":[8.8,2.4,10.7,2.8],"texture":"#0"},"west":{"uv":[11.6,3.2,12,3.6],"texture":"#0"},"up":{"uv":[2,10.7,1.6,8.8],"rotation":90,"texture":"#0"},"down":{"uv":[2.4,8.8,2,10.7],"rotation":270,"texture":"#0"}}},{"from":[5.44172,1.63842,7.61915],"to":[6.12333,2.75379,8.30697],"rotation":{"angle":22.5,"axis":"z","origin":[8,2.07224,8]},"faces":{"north":{"uv":[11.6,9.6,11.9,9.2],"texture":"#0"},"east":{"uv":[11.6,8.4,11.9,8],"texture":"#0"},"south":{"uv":[11.6,8.8,11.9,8.4],"texture":"#0"},"west":{"uv":[11.6,9.2,11.9,8.8],"texture":"#0"},"up":{"uv":[12.3,7.9,12,7.6],"rotation":90,"texture":"#0"},"down":{"uv":[7.9,12,7.6,12.3],"rotation":270,"texture":"#0"}}},{"from":[5.34877,2.72281,7.52931],"to":[6.21628,3.06362,8.39682],"rotation":{"angle":22.5,"axis":"z","origin":[8,2.07224,8]},"faces":{"north":{"uv":[12.4,8.5,12.7,8.4],"texture":"#0"},"east":{"uv":[8,12.5,8.3,12.4],"texture":"#0"},"south":{"uv":[12.4,8.1,12.7,8],"texture":"#0"},"west":{"uv":[8.4,12.5,8.7,12.4],"texture":"#0"},"up":{"uv":[12.3,8.3,12,8],"rotation":90,"texture":"#0"},"down":{"uv":[8.3,12,8,12.3],"rotation":270,"texture":"#0"}}},{"from":[5.19386,1.63842,7.37439],"to":[6.37119,1.97923,8.55173],"rotation":{"angle":22.5,"axis":"z","origin":[8,2.07224,8]},"faces":{"north":{"uv":[12.4,6.5,12.9,6.4],"texture":"#0"},"east":{"uv":[12.4,5.3,12.9,5.2],"texture":"#0"},"south":{"uv":[5.6,12.5,6.1,12.4],"texture":"#0"},"west":{"uv":[6.4,12.5,6.9,12.4],"texture":"#0"},"up":{"uv":[11.3,3.7,10.8,3.2],"rotation":90,"texture":"#0"},"down":{"uv":[3.7,10.8,3.2,11.3],"rotation":270,"texture":"#0"}}},{"from":[9.87667,1.63842,7.61915],"to":[10.55828,2.75379,8.30697],"rotation":{"angle":-22.5,"axis":"z","origin":[8,2.07224,8]},"faces":{"north":{"uv":[11.6,11.2,11.9,10.8],"texture":"#0"},"east":{"uv":[11.6,10,11.9,9.6],"texture":"#0"},"south":{"uv":[11.6,10.4,11.9,10],"texture":"#0"},"west":{"uv":[11.6,10.8,11.9,10.4],"texture":"#0"},"up":{"uv":[12.3,9.1,12,8.8],"rotation":90,"texture":"#0"},"down":{"uv":[9.1,12,8.8,12.3],"rotation":270,"texture":"#0"}}},{"from":[9.78372,2.72281,7.52931],"to":[10.65123,3.06362,8.39682],"rotation":{"angle":-22.5,"axis":"z","origin":[8,2.07224,8]},"faces":{"north":{"uv":[12.4,9.3,12.7,9.2],"texture":"#0"},"east":{"uv":[8.8,12.5,9.1,12.4],"texture":"#0"},"south":{"uv":[12.4,8.9,12.7,8.8],"texture":"#0"},"west":{"uv":[9.2,12.5,9.5,12.4],"texture":"#0"},"up":{"uv":[12.3,8.7,12,8.4],"rotation":90,"texture":"#0"},"down":{"uv":[8.7,12,8.4,12.3],"rotation":270,"texture":"#0"}}},{"from":[9.62881,1.63842,7.37439],"to":[10.80614,1.97923,8.55173],"rotation":{"angle":-22.5,"axis":"z","origin":[8,2.07224,8]},"faces":{"north":{"uv":[12.4,7.7,12.9,7.6],"texture":"#0"},"east":{"uv":[12.4,6.9,12.9,6.8],"texture":"#0"},"south":{"uv":[7.2,12.5,7.7,12.4],"texture":"#0"},"west":{"uv":[12.4,7.3,12.9,7.2],"texture":"#0"},"up":{"uv":[11.3,4.5,10.8,4],"rotation":90,"texture":"#0"},"down":{"uv":[4.5,10.8,4,11.3],"rotation":270,"texture":"#0"}}},{"from":[10.2607,1.92489,7.96306],"to":[12.7393,4.40349,7.96306],"rotation":{"angle":0,"axis":"y","origin":[8,2.07224,8]},"faces":{"north":{"uv":[0,0,16,16],"rotation":270,"texture":"#1"},"east":{"uv":[0,0,0,1],"rotation":180,"texture":"#1"},"south":{"uv":[16,0,0,16],"rotation":90,"texture":"#1"},"west":{"uv":[0,1,0,0],"texture":"#1"},"up":{"uv":[0,1,0,0],"rotation":270,"texture":"#1"},"down":{"uv":[0,1,0,0],"rotation":270,"texture":"#1"}}},{"from":[3.2607,1.92489,7.96306],"to":[5.7393,4.40349,7.96306],"rotation":{"angle":0,"axis":"y","origin":[8,2.07224,8]},"faces":{"north":{"uv":[0,16,16,0],"rotation":270,"texture":"#1"},"east":{"uv":[0,1,0,0],"texture":"#1"},"south":{"uv":[16,16,0,0],"rotation":90,"texture":"#1"},"west":{"uv":[0,0,0,1],"rotation":180,"texture":"#1"},"up":{"uv":[0,0,0,1],"rotation":270,"texture":"#1"},"down":{"uv":[0,0,0,1],"rotation":270,"texture":"#1"}}},{"from":[6.06769,0.47774,7.47509],"to":[7.92664,1.40721,8.45103],"rotation":{"angle":-22.5,"axis":"z","origin":[8,2.07224,8]},"faces":{"north":{"uv":[10.4,0.8,11.1,1.2],"texture":"#0"},"east":{"uv":[11.6,3.6,12,4],"texture":"#0"},"south":{"uv":[7.2,6.4,7.9,6.8],"texture":"#0"},"west":{"uv":[4,11.6,4.4,12],"texture":"#0"},"up":{"uv":[10.8,1.9,10.4,1.2],"rotation":90,"texture":"#0"},"down":{"uv":[10.8,4.8,10.4,5.5],"rotation":270,"texture":"#0"}}},{"from":[8.07336,0.47774,7.47509],"to":[9.93231,1.40721,8.45103],"rotation":{"angle":22.5,"axis":"z","origin":[8,2.07224,8]},"faces":{"north":{"uv":[10.4,6.4,11.1,6.8],"texture":"#0"},"east":{"uv":[11.6,4,12,4.4],"texture":"#0"},"south":{"uv":[10.4,2,11.1,2.4],"texture":"#0"},"west":{"uv":[4.4,11.6,4.8,12],"texture":"#0"},"up":{"uv":[10.8,7.5,10.4,6.8],"rotation":90,"texture":"#0"},"down":{"uv":[10.8,7.6,10.4,8.3],"rotation":270,"texture":"#0"}}},{"from":[6.70576,0.77798,7.26595],"to":[8.17743,2.24965,8.66017],"rotation":{"angle":45,"axis":"z","origin":[8,2.07224,8]},"faces":{"north":{"uv":[8.4,9.6,9,10.2],"texture":"#0"},"east":{"uv":[9.6,6.4,10.2,7],"texture":"#0"},"south":{"uv":[9.6,7.2,10.2,7.8],"texture":"#0"},"west":{"uv":[9.6,8,10.2,8.6],"texture":"#0"},"up":{"uv":[10.2,9.4,9.6,8.8],"rotation":90,"texture":"#0"},"down":{"uv":[9.8,9.6,9.2,10.2],"rotation":270,"texture":"#0"}}},{"from":[5.76528,2.68553,7.73069],"to":[6.92712,3.84737,8.19543],"rotation":{"angle":45,"axis":"z","origin":[8,2.07224,8]},"faces":{"north":{"uv":[10.8,4.8,11.3,5.3],"texture":"#0"},"east":{"uv":[12,3.2,12.2,3.7],"texture":"#0"},"south":{"uv":[4.8,10.8,5.3,11.3],"texture":"#0"},"west":{"uv":[3.6,12,3.8,12.5],"texture":"#0"},"up":{"uv":[4.2,12.5,4,12],"rotation":90,"texture":"#0"},"down":{"uv":[12.2,4,12,4.5],"rotation":270,"texture":"#0"}}},{"from":[9.07288,2.68553,7.73069],"to":[10.23472,3.84737,8.19543],"rotation":{"angle":-45,"axis":"z","origin":[8,2.07224,8]},"faces":{"north":{"uv":[10.8,5.6,11.3,6.1],"texture":"#0"},"east":{"uv":[4.4,12,4.6,12.5],"texture":"#0"},"south":{"uv":[5.6,10.8,6.1,11.3],"texture":"#0"},"west":{"uv":[4.8,12,5,12.5],"texture":"#0"},"up":{"uv":[12.2,5.3,12,4.8],"rotation":90,"texture":"#0"},"down":{"uv":[5.4,12,5.2,12.5],"rotation":270,"texture":"#0"}}},{"from":[8.6059,0.04651,6.10611],"to":[11.5845,3.02511,6.10611],"rotation":{"angle":-45,"axis":"y","origin":[8,2.07224,8]},"faces":{"north":{"uv":[16,0,0,16],"rotation":180,"texture":"#2"},"east":{"uv":[0,0,0,1],"rotation":180,"texture":"#2"},"south":{"uv":[0,0,16,16],"rotation":180,"texture":"#2"},"west":{"uv":[0,0,0,1],"rotation":180,"texture":"#2"},"up":{"uv":[0,0,0,1],"rotation":90,"texture":"#2"},"down":{"uv":[0,1,0,0],"rotation":270,"texture":"#2"}}},{"from":[4.4155,0.04651,6.10611],"to":[7.3941,3.02511,6.10611],"rotation":{"angle":45,"axis":"y","origin":[8,2.07224,8]},"faces":{"north":{"uv":[0,0,16,16],"rotation":180,"texture":"#2"},"east":{"uv":[0,0,0,1],"rotation":180,"texture":"#2"},"south":{"uv":[16,0,0,16],"rotation":180,"texture":"#2"},"west":{"uv":[0,0,0,1],"rotation":180,"texture":"#2"},"up":{"uv":[0,1,0,0],"rotation":90,"texture":"#2"},"down":{"uv":[0,0,0,1],"rotation":270,"texture":"#2"}}},{"from":[8.83015,2.10489,7.96306],"to":[11.83015,5.10489,7.96306],"rotation":{"angle":-22.5,"axis":"z","origin":[8,2.07224,8]},"faces":{"north":{"uv":[16,16,0,0],"rotation":90,"texture":"#3"},"east":{"uv":[0,1,0,0],"texture":"#3"},"south":{"uv":[0,16,16,0],"rotation":270,"texture":"#3"},"west":{"uv":[0,0,0,1],"rotation":180,"texture":"#3"},"up":{"uv":[0,1,0,0],"rotation":270,"texture":"#3"},"down":{"uv":[0,1,0,0],"rotation":270,"texture":"#3"}}},{"from":[4.16985,2.10489,7.96306],"to":[7.16985,5.10489,7.96306],"rotation":{"angle":22.5,"axis":"z","origin":[8,2.07224,8]},"faces":{"north":{"uv":[16,0,0,16],"rotation":90,"texture":"#3"},"east":{"uv":[0,0,0,1],"rotation":180,"texture":"#3"},"south":{"uv":[0,0,16,16],"rotation":270,"texture":"#3"},"west":{"uv":[0,1,0,0],"texture":"#3"},"up":{"uv":[0,0,0,1],"rotation":270,"texture":"#3"},"down":{"uv":[0,0,0,1],"rotation":270,"texture":"#3"}}},{"from":[6.42514,1.60405,7.5577],"to":[8.18321,3.08265,7.5577],"rotation":{"angle":22.5,"axis":"y","origin":[8,2.07224,8]},"faces":{"north":{"uv":[4.3,13.3,4.9,14],"rotation":270,"texture":"#0"},"east":{"uv":[0,1,0,0],"rotation":180,"texture":"#0"},"south":{"uv":[4.9,13.3,4.3,14],"rotation":90,"texture":"#0"},"west":{"uv":[0,0,0,1],"texture":"#0"},"up":{"uv":[0,0,0,1.4],"rotation":90,"texture":"#0"},"down":{"uv":[0,0,0,1.4],"rotation":90,"texture":"#0"}}},{"from":[7.81679,1.60405,7.5577],"to":[9.57486,3.08265,7.5577],"rotation":{"angle":-22.5,"axis":"y","origin":[8,2.07224,8]},"faces":{"north":{"uv":[4.3,12.6,4.9,13.3],"rotation":270,"texture":"#0"},"east":{"uv":[0,1,0,0],"rotation":180,"texture":"#0"},"south":{"uv":[4.9,12.6,4.3,13.3],"rotation":90,"texture":"#0"},"west":{"uv":[0,0,0,1],"texture":"#0"},"up":{"uv":[0,0,0,1.4],"rotation":90,"texture":"#0"},"down":{"uv":[0,0,0,1.4],"rotation":90,"texture":"#0"}}}],"gui_light":"front","display":{"thirdperson_righthand":{"rotation":[67.5,0,0],"translation":[0,3.25,6.25]},"thirdperson_lefthand":{"rotation":[67.5,0,0],"translation":[0,3.25,6.25]},"firstperson_righthand":{"translation":[6.25,9,-3.75],"scale":[1.39258,1.39258,1.39258]},"firstperson_lefthand":{"translation":[6.25,9,-3.75],"scale":[1.39258,1.39258,1.39258]},"ground":{"translation":[0,12,-0.75],"scale":[1.5,1.5,1.5]},"gui":{"rotation":[30,135,0],"translation":[-0.25,10.5,0],"scale":[2.11594,2.11594,2.11594]},"head":{"translation":[0,24.5,-6.75],"scale":[3,3,3]},"fixed":{"rotation":[-90,0,0],"translation":[0,1,-25.5],"scale":[3.2857,3.2857,3.2857]}}}