{"credit":"MadewithBlockbench","textures":{"0":"elitecreatures:steamsparks_animated_weapon_set/texture","1":"elitecreatures:steamsparks_animated_weapon_set/smoke_1","2":"elitecreatures:steamsparks_animated_weapon_set/cog_01","3":"elitecreatures:steamsparks_animated_weapon_set/lightning_1","4":"elitecreatures:steamsparks_animated_weapon_set/boost_2","5":"elitecreatures:steamsparks_animated_weapon_set/boost_1","particle":"elitecreatures:steamsparks_animated_weapon_set/texture"},"elements":[{"from":[7.65609,7.11808,11.79775],"to":[8.34391,8.23345,12.47936],"rotation":{"angle":45,"axis":"x","origin":[8,8.59431,12.43767]},"faces":{"north":{"uv":[11.9,8,11.6,8.4],"rotation":180,"texture":"#0"},"east":{"uv":[11.9,8.4,11.6,8.8],"rotation":180,"texture":"#0"},"south":{"uv":[11.9,8.8,11.6,9.2],"rotation":180,"texture":"#0"},"west":{"uv":[11.9,9.2,11.6,9.6],"rotation":180,"texture":"#0"},"up":{"uv":[12.3,7.9,12,7.6],"texture":"#0"},"down":{"uv":[7.9,12,7.6,12.3],"texture":"#0"}}},{"from":[7.56625,8.20247,11.7048],"to":[8.43376,8.54328,12.57231],"rotation":{"angle":45,"axis":"x","origin":[8,8.59431,12.43767]},"faces":{"north":{"uv":[8.3,12.4,8,12.5],"rotation":180,"texture":"#0"},"east":{"uv":[12.7,8,12.4,8.1],"rotation":180,"texture":"#0"},"south":{"uv":[8.7,12.4,8.4,12.5],"rotation":180,"texture":"#0"},"west":{"uv":[12.7,8.4,12.4,8.5],"rotation":180,"texture":"#0"},"up":{"uv":[12.3,8.3,12,8],"texture":"#0"},"down":{"uv":[8.3,12,8,12.3],"texture":"#0"}}},{"from":[7.41133,7.11808,11.54989],"to":[8.58867,7.45889,12.72722],"rotation":{"angle":45,"axis":"x","origin":[8,8.59431,12.43767]},"faces":{"north":{"uv":[12.9,5.2,12.4,5.3],"rotation":180,"texture":"#0"},"east":{"uv":[6.1,12.4,5.6,12.5],"rotation":180,"texture":"#0"},"south":{"uv":[6.9,12.4,6.4,12.5],"rotation":180,"texture":"#0"},"west":{"uv":[12.9,6.4,12.4,6.5],"rotation":180,"texture":"#0"},"up":{"uv":[11.3,3.7,10.8,3.2],"texture":"#0"},"down":{"uv":[3.7,10.8,3.2,11.3],"texture":"#0"}}},{"from":[8,6.00947,10.81707],"to":[8,20.00947,24.81707],"rotation":{"angle":-22.5,"axis":"x","origin":[8,12.65947,20.31707]},"faces":{"north":{"uv":[0,0,0,7.5],"texture":"#4"},"east":{"uv":[0,0,16,16],"texture":"#4"},"south":{"uv":[0,0,0,7.5],"texture":"#4"},"west":{"uv":[16,0,0,16],"texture":"#4"},"up":{"uv":[0,0,0,1.5],"texture":"#4"},"down":{"uv":[0,1.5,0,0],"texture":"#4"}}},{"from":[8,1.27612,10.37343],"to":[8,13.27612,22.37343],"rotation":{"angle":0,"axis":"x","origin":[8,7.27612,16.37343]},"faces":{"north":{"uv":[0,0,0,7.5],"texture":"#4"},"east":{"uv":[0,0,16,16],"texture":"#4"},"south":{"uv":[0,0,0,7.5],"texture":"#4"},"west":{"uv":[16,0,0,16],"texture":"#4"},"up":{"uv":[0,0,0,1.5],"texture":"#4"},"down":{"uv":[0,1.5,0,0],"texture":"#4"}}},{"from":[8,-0.97388,9.12343],"to":[8,9.02612,18.12343],"rotation":{"angle":22.5,"axis":"x","origin":[8,4.02612,14.12343]},"faces":{"north":{"uv":[0,0,0,7.5],"texture":"#4"},"east":{"uv":[0,0,16,16],"texture":"#4"},"south":{"uv":[0,0,0,7.5],"texture":"#4"},"west":{"uv":[16,0,0,16],"texture":"#4"},"up":{"uv":[0,0,0,1.5],"texture":"#4"},"down":{"uv":[0,1.5,0,0],"texture":"#4"}}},{"from":[7.95,4.95,5],"to":[8.05,10.95,11],"rotation":{"angle":0,"axis":"x","origin":[8,7.95,8]},"faces":{"north":{"uv":[0,1.5,0,0],"rotation":180,"texture":"#5"},"east":{"uv":[0,0,16,16],"rotation":270,"texture":"#5"},"south":{"uv":[0,0,0,1.5],"texture":"#5"},"west":{"uv":[16,0,0,16],"rotation":90,"texture":"#5"},"up":{"uv":[0,0,0,7.5],"rotation":180,"texture":"#5"},"down":{"uv":[0,0,0,7.5],"texture":"#5"}}},{"from":[7.95,4.95,5],"to":[8.05,10.95,11],"rotation":{"angle":0,"axis":"x","origin":[8,7.95,8]},"faces":{"north":{"uv":[0,0,0,7.5],"texture":"#5"},"east":{"uv":[0,0,16,16],"texture":"#5"},"south":{"uv":[0,0,0,7.5],"texture":"#5"},"west":{"uv":[16,0,0,16],"texture":"#5"},"up":{"uv":[0,0,0,1.5],"texture":"#5"},"down":{"uv":[0,1.5,0,0],"texture":"#5"}}},{"from":[7.9,5.93647,11.50029],"to":[8.1,8.91507,14.47889],"rotation":{"angle":0,"axis":"x","origin":[8,8.17577,12.48959]},"faces":{"north":{"uv":[0,1,0,0],"texture":"#2"},"east":{"uv":[0,16,16,0],"rotation":270,"texture":"#2"},"south":{"uv":[0,0,0,1],"rotation":180,"texture":"#2"},"west":{"uv":[16,16,0,0],"rotation":90,"texture":"#2"},"up":{"uv":[0,1,0,0],"rotation":180,"texture":"#2"},"down":{"uv":[0,1,0,0],"texture":"#2"}}},{"from":[7.9,8.68647,10.00029],"to":[8.1,11.66507,12.97889],"rotation":{"angle":0,"axis":"x","origin":[8,10.92577,10.98959]},"faces":{"north":{"uv":[0,1,0,0],"texture":"#2"},"east":{"uv":[0,16,16,0],"rotation":270,"texture":"#2"},"south":{"uv":[0,0,0,1],"rotation":180,"texture":"#2"},"west":{"uv":[16,16,0,0],"rotation":90,"texture":"#2"},"up":{"uv":[0,1,0,0],"rotation":180,"texture":"#2"},"down":{"uv":[0,1,0,0],"texture":"#2"}}},{"from":[7.9,3.68647,9.00029],"to":[8.1,6.66507,11.97889],"rotation":{"angle":0,"axis":"x","origin":[8,5.92577,9.98959]},"faces":{"north":{"uv":[0,1,0,0],"texture":"#2"},"east":{"uv":[0,16,16,0],"rotation":270,"texture":"#2"},"south":{"uv":[0,0,0,1],"rotation":180,"texture":"#2"},"west":{"uv":[16,16,0,0],"rotation":90,"texture":"#2"},"up":{"uv":[0,1,0,0],"rotation":180,"texture":"#2"},"down":{"uv":[0,1,0,0],"texture":"#2"}}},{"from":[7.85,9.97618,10.93518],"to":[8.15,12.45478,13.41378],"rotation":{"angle":-22.5,"axis":"x","origin":[7.95,10.46548,11.42448]},"faces":{"north":{"uv":[0,0,0,1],"texture":"#1"},"east":{"uv":[0,16,16,0],"rotation":180,"texture":"#1"},"south":{"uv":[0,0,0,1],"texture":"#1"},"west":{"uv":[16,16,0,0],"rotation":180,"texture":"#1"},"up":{"uv":[0,1,0,0],"rotation":180,"texture":"#1"},"down":{"uv":[0,0,0,1],"rotation":180,"texture":"#1"}}},{"from":[7.85,5.68536,7.89357],"to":[8.15,9.41396,11.87217],"rotation":{"angle":0,"axis":"x","origin":[8,7.54966,9.88287]},"faces":{"north":{"uv":[0,1,0,0],"texture":"#3"},"east":{"uv":[0,16,16,0],"texture":"#3"},"south":{"uv":[0,1,0,0],"texture":"#3"},"west":{"uv":[16,16,0,0],"texture":"#3"},"up":{"uv":[0,0,0,1],"rotation":180,"texture":"#3"},"down":{"uv":[0,1,0,0],"rotation":180,"texture":"#3"}}},{"from":[7.51203,7.82173,10.21681],"to":[8.48797,9.68068,11.14628],"rotation":{"angle":0,"axis":"x","origin":[8,9.98349,14.03661]},"faces":{"north":{"uv":[10.4,4.8,10.8,5.5],"texture":"#0"},"east":{"uv":[7.2,6.8,7.9,6.4],"rotation":90,"texture":"#0"},"south":{"uv":[10.4,1.9,10.8,1.2],"rotation":180,"texture":"#0"},"west":{"uv":[10.4,1.2,11.1,0.8],"rotation":270,"texture":"#0"},"up":{"uv":[4,12,4.4,11.6],"texture":"#0"},"down":{"uv":[11.6,4,12,3.6],"rotation":180,"texture":"#0"}}},{"from":[7.51203,6.85238,11.18802],"to":[8.48797,7.78185,13.04697],"rotation":{"angle":0,"axis":"x","origin":[8,9.98349,13.78661]},"faces":{"north":{"uv":[4.8,11.6,4.4,12],"texture":"#0"},"east":{"uv":[11.1,2,10.4,2.4],"texture":"#0"},"south":{"uv":[12,4,11.6,4.4],"texture":"#0"},"west":{"uv":[11.1,6.4,10.4,6.8],"texture":"#0"},"up":{"uv":[10.8,6.8,10.4,7.5],"texture":"#0"},"down":{"uv":[10.8,8.3,10.4,7.6],"texture":"#0"}}},{"from":[7.51203,5.38764,9.90276],"to":[8.48797,7.24659,10.83223],"rotation":{"angle":22.5,"axis":"x","origin":[8,6.31712,10.3675]},"faces":{"north":{"uv":[10.4,7.6,10.8,8.3],"texture":"#0"},"east":{"uv":[10.4,2.4,11.1,2],"rotation":90,"texture":"#0"},"south":{"uv":[10.4,7.5,10.8,6.8],"rotation":180,"texture":"#0"},"west":{"uv":[10.4,6.8,11.1,6.4],"rotation":270,"texture":"#0"},"up":{"uv":[4.4,12,4.8,11.6],"texture":"#0"},"down":{"uv":[11.6,4.4,12,4],"rotation":180,"texture":"#0"}}},{"from":[7.30289,5.77267,11.2918],"to":[8.69711,7.24434,12.76347],"rotation":{"angle":22.5,"axis":"x","origin":[8,9.98349,13.78661]},"faces":{"north":{"uv":[10.2,8,9.6,8.6],"texture":"#0"},"east":{"uv":[10.2,7.2,9.6,7.8],"texture":"#0"},"south":{"uv":[10.2,6.4,9.6,7],"texture":"#0"},"west":{"uv":[9,9.6,8.4,10.2],"texture":"#0"},"up":{"uv":[10.2,8.8,9.6,9.4],"texture":"#0"},"down":{"uv":[9.8,10.2,9.2,9.6],"texture":"#0"}}},{"from":[7.76763,7.68022,10.60132],"to":[8.23237,8.84206,11.76316],"rotation":{"angle":22.5,"axis":"x","origin":[8,9.98349,14.03661]},"faces":{"north":{"uv":[3.8,12,3.6,12.5],"texture":"#0"},"east":{"uv":[5.3,10.8,4.8,11.3],"texture":"#0"},"south":{"uv":[12.2,3.2,12,3.7],"texture":"#0"},"west":{"uv":[11.3,4.8,10.8,5.3],"texture":"#0"},"up":{"uv":[4.2,12,4,12.5],"texture":"#0"},"down":{"uv":[12.2,4.5,12,4],"texture":"#0"}}},{"from":[7.65609,7.11808,3.52064],"to":[8.34391,8.23345,4.20225],"rotation":{"angle":-45,"axis":"x","origin":[8,8.59431,3.56233]},"faces":{"north":{"uv":[11.6,8.8,11.9,9.2],"rotation":180,"texture":"#0"},"east":{"uv":[11.6,8.4,11.9,8.8],"rotation":180,"texture":"#0"},"south":{"uv":[11.6,8,11.9,8.4],"rotation":180,"texture":"#0"},"west":{"uv":[11.6,9.2,11.9,9.6],"rotation":180,"texture":"#0"},"up":{"uv":[12.3,7.6,12,7.9],"texture":"#0"},"down":{"uv":[7.9,12.3,7.6,12],"texture":"#0"}}},{"from":[7.56625,8.20247,3.42769],"to":[8.43376,8.54328,4.2952],"rotation":{"angle":-45,"axis":"x","origin":[8,8.59431,3.56233]},"faces":{"north":{"uv":[8.4,12.4,8.7,12.5],"rotation":180,"texture":"#0"},"east":{"uv":[12.4,8,12.7,8.1],"rotation":180,"texture":"#0"},"south":{"uv":[8,12.4,8.3,12.5],"rotation":180,"texture":"#0"},"west":{"uv":[12.4,8.4,12.7,8.5],"rotation":180,"texture":"#0"},"up":{"uv":[12.3,8,12,8.3],"texture":"#0"},"down":{"uv":[8.3,12.3,8,12],"texture":"#0"}}},{"from":[7.41133,7.11808,3.27278],"to":[8.58867,7.45889,4.45011],"rotation":{"angle":-45,"axis":"x","origin":[8,8.59431,3.56233]},"faces":{"north":{"uv":[6.4,12.4,6.9,12.5],"rotation":180,"texture":"#0"},"east":{"uv":[5.6,12.4,6.1,12.5],"rotation":180,"texture":"#0"},"south":{"uv":[12.4,5.2,12.9,5.3],"rotation":180,"texture":"#0"},"west":{"uv":[12.4,6.4,12.9,6.5],"rotation":180,"texture":"#0"},"up":{"uv":[11.3,3.2,10.8,3.7],"texture":"#0"},"down":{"uv":[3.7,11.3,3.2,10.8],"texture":"#0"}}},{"from":[8,6.00947,-8.81707],"to":[8,20.00947,5.18293],"rotation":{"angle":22.5,"axis":"x","origin":[8,12.65947,-4.31707]},"faces":{"north":{"uv":[0,0,0,7.5],"texture":"#4"},"east":{"uv":[16,0,0,16],"texture":"#4"},"south":{"uv":[0,0,0,7.5],"texture":"#4"},"west":{"uv":[0,0,16,16],"texture":"#4"},"up":{"uv":[0,1.5,0,0],"texture":"#4"},"down":{"uv":[0,0,0,1.5],"texture":"#4"}}},{"from":[8,1.27612,-6.37343],"to":[8,13.27612,5.62657],"rotation":{"angle":0,"axis":"x","origin":[8,7.27612,-0.37343]},"faces":{"north":{"uv":[0,0,0,7.5],"texture":"#4"},"east":{"uv":[16,0,0,16],"texture":"#4"},"south":{"uv":[0,0,0,7.5],"texture":"#4"},"west":{"uv":[0,0,16,16],"texture":"#4"},"up":{"uv":[0,1.5,0,0],"texture":"#4"},"down":{"uv":[0,0,0,1.5],"texture":"#4"}}},{"from":[8,-0.97388,-2.12343],"to":[8,9.02612,6.87657],"rotation":{"angle":-22.5,"axis":"x","origin":[8,4.02612,1.87657]},"faces":{"north":{"uv":[0,0,0,7.5],"texture":"#4"},"east":{"uv":[16,0,0,16],"texture":"#4"},"south":{"uv":[0,0,0,7.5],"texture":"#4"},"west":{"uv":[0,0,16,16],"texture":"#4"},"up":{"uv":[0,1.5,0,0],"texture":"#4"},"down":{"uv":[0,0,0,1.5],"texture":"#4"}}},{"from":[7.9,5.93647,1.52111],"to":[8.1,8.91507,4.49971],"rotation":{"angle":0,"axis":"x","origin":[8,8.17577,3.51041]},"faces":{"north":{"uv":[0,0,0,1],"rotation":180,"texture":"#2"},"east":{"uv":[0,0,16,16],"rotation":270,"texture":"#2"},"south":{"uv":[0,1,0,0],"texture":"#2"},"west":{"uv":[16,0,0,16],"rotation":90,"texture":"#2"},"up":{"uv":[0,0,0,1],"rotation":180,"texture":"#2"},"down":{"uv":[0,0,0,1],"texture":"#2"}}},{"from":[7.9,8.68647,3.02111],"to":[8.1,11.66507,5.99971],"rotation":{"angle":0,"axis":"x","origin":[8,10.92577,5.01041]},"faces":{"north":{"uv":[0,0,0,1],"rotation":180,"texture":"#2"},"east":{"uv":[0,0,16,16],"rotation":270,"texture":"#2"},"south":{"uv":[0,1,0,0],"texture":"#2"},"west":{"uv":[16,0,0,16],"rotation":90,"texture":"#2"},"up":{"uv":[0,0,0,1],"rotation":180,"texture":"#2"},"down":{"uv":[0,0,0,1],"texture":"#2"}}},{"from":[7.9,3.68647,4.02111],"to":[8.1,6.66507,6.99971],"rotation":{"angle":0,"axis":"x","origin":[8,5.92577,6.01041]},"faces":{"north":{"uv":[0,0,0,1],"rotation":180,"texture":"#2"},"east":{"uv":[0,0,16,16],"rotation":270,"texture":"#2"},"south":{"uv":[0,1,0,0],"texture":"#2"},"west":{"uv":[16,0,0,16],"rotation":90,"texture":"#2"},"up":{"uv":[0,0,0,1],"rotation":180,"texture":"#2"},"down":{"uv":[0,0,0,1],"texture":"#2"}}},{"from":[7.85,9.97618,2.58622],"to":[8.15,12.45478,5.06482],"rotation":{"angle":22.5,"axis":"x","origin":[7.95,10.46548,4.57552]},"faces":{"north":{"uv":[0,0,0,1],"texture":"#1"},"east":{"uv":[16,16,0,0],"rotation":180,"texture":"#1"},"south":{"uv":[0,0,0,1],"texture":"#1"},"west":{"uv":[0,16,16,0],"rotation":180,"texture":"#1"},"up":{"uv":[0,0,0,1],"rotation":180,"texture":"#1"},"down":{"uv":[0,1,0,0],"rotation":180,"texture":"#1"}}},{"from":[7.85,5.68536,4.12783],"to":[8.15,9.41396,8.10643],"rotation":{"angle":0,"axis":"x","origin":[8,7.54966,6.11713]},"faces":{"north":{"uv":[0,1,0,0],"texture":"#3"},"east":{"uv":[16,16,0,0],"texture":"#3"},"south":{"uv":[0,1,0,0],"texture":"#3"},"west":{"uv":[0,16,16,0],"texture":"#3"},"up":{"uv":[0,1,0,0],"rotation":180,"texture":"#3"},"down":{"uv":[0,0,0,1],"rotation":180,"texture":"#3"}}},{"from":[7.51203,7.82173,4.85372],"to":[8.48797,9.68068,5.78319],"rotation":{"angle":0,"axis":"x","origin":[8,9.98349,1.96339]},"faces":{"north":{"uv":[10.8,1.9,10.4,1.2],"rotation":180,"texture":"#0"},"east":{"uv":[7.2,6.4,7.9,6.8],"rotation":90,"texture":"#0"},"south":{"uv":[10.8,4.8,10.4,5.5],"texture":"#0"},"west":{"uv":[10.4,0.8,11.1,1.2],"rotation":270,"texture":"#0"},"up":{"uv":[4,11.6,4.4,12],"texture":"#0"},"down":{"uv":[11.6,3.6,12,4],"rotation":180,"texture":"#0"}}},{"from":[7.51203,6.85238,2.95303],"to":[8.48797,7.78185,4.81198],"rotation":{"angle":0,"axis":"x","origin":[8,9.98349,2.21339]},"faces":{"north":{"uv":[11.6,4,12,4.4],"texture":"#0"},"east":{"uv":[10.4,2,11.1,2.4],"texture":"#0"},"south":{"uv":[4.4,11.6,4.8,12],"texture":"#0"},"west":{"uv":[10.4,6.4,11.1,6.8],"texture":"#0"},"up":{"uv":[10.8,7.5,10.4,6.8],"texture":"#0"},"down":{"uv":[10.8,7.6,10.4,8.3],"texture":"#0"}}},{"from":[7.51203,5.38764,5.16777],"to":[8.48797,7.24659,6.09724],"rotation":{"angle":-22.5,"axis":"x","origin":[8,6.31712,5.63251]},"faces":{"north":{"uv":[10.8,7.5,10.4,6.8],"rotation":180,"texture":"#0"},"east":{"uv":[10.4,2,11.1,2.4],"rotation":90,"texture":"#0"},"south":{"uv":[10.8,7.6,10.4,8.3],"texture":"#0"},"west":{"uv":[10.4,6.4,11.1,6.8],"rotation":270,"texture":"#0"},"up":{"uv":[4.4,11.6,4.8,12],"texture":"#0"},"down":{"uv":[11.6,4,12,4.4],"rotation":180,"texture":"#0"}}},{"from":[7.30289,5.77267,3.23653],"to":[8.69711,7.24434,4.7082],"rotation":{"angle":-22.5,"axis":"x","origin":[8,9.98349,2.21339]},"faces":{"north":{"uv":[9.6,6.4,10.2,7],"texture":"#0"},"east":{"uv":[9.6,7.2,10.2,7.8],"texture":"#0"},"south":{"uv":[9.6,8,10.2,8.6],"texture":"#0"},"west":{"uv":[8.4,9.6,9,10.2],"texture":"#0"},"up":{"uv":[10.2,9.4,9.6,8.8],"texture":"#0"},"down":{"uv":[9.8,9.6,9.2,10.2],"texture":"#0"}}},{"from":[7.76763,7.68022,4.23684],"to":[8.23237,8.84206,5.39868],"rotation":{"angle":-22.5,"axis":"x","origin":[8,9.98349,1.96339]},"faces":{"north":{"uv":[12,3.2,12.2,3.7],"texture":"#0"},"east":{"uv":[4.8,10.8,5.3,11.3],"texture":"#0"},"south":{"uv":[3.6,12,3.8,12.5],"texture":"#0"},"west":{"uv":[10.8,4.8,11.3,5.3],"texture":"#0"},"up":{"uv":[4.2,12.5,4,12],"texture":"#0"},"down":{"uv":[12.2,4,12,4.5],"texture":"#0"}}}],"gui_light":"front","display":{"thirdperson_righthand":{"rotation":[67.5,90,0],"translation":[0,0.5,0.25],"scale":[0.51148,0.51148,0.51148]},"thirdperson_lefthand":{"rotation":[67.5,90,0],"translation":[-6,-5.35,10.75],"scale":[2.02,2.02,2.02]},"firstperson_righthand":{"rotation":[0,90,0],"translation":[2.25,3,0],"scale":[0.83781,0.83781,0.83781]},"firstperson_lefthand":{"translation":[12.25,0,0],"scale":[0,0,0]},"ground":{"translation":[0.75,8.75,0],"scale":[1.36984,1.36984,1.36984]},"gui":{"rotation":[90,90,-90],"scale":[0.48891,0.48891,0.48891]},"head":{"scale":[0,0,0]},"fixed":{"rotation":[-180,-90,-180],"translation":[0,0.75,-2.1],"scale":[3.34766,3.34766,3.34766]}}}