{"credit":"MadewithBlockbench","texture_size":[32,32],"textures":{"0":"elitecreatures:valentines_animated_weapon_and_tool_set_v1/valentine_tex1","1":"elitecreatures:valentines_animated_weapon_and_tool_set_v1/battery","particle":"elitecreatures:valentines_animated_weapon_and_tool_set_v1/valentine_tex1"},"elements":[{"from":[6,1,6],"to":[10,6,10],"rotation":{"angle":0,"axis":"y","origin":[16,-5,0]},"faces":{"north":{"uv":[10,5.5,6,10.5],"texture":"#1"},"east":{"uv":[2,2.5,4,5],"texture":"#0"},"south":{"uv":[6,5.5,10,10.5],"texture":"#1"},"west":{"uv":[2,0,4,2.5],"texture":"#0"},"up":{"uv":[6,2,4,0],"texture":"#0"},"down":{"uv":[6,0,4,2],"texture":"#0"}}},{"from":[5,-1,5],"to":[11,0,11],"rotation":{"angle":0,"axis":"y","origin":[16,-5,0]},"faces":{"north":{"uv":[0.5,8,1,5],"rotation":90,"texture":"#0"},"east":{"uv":[0,8,0.5,5],"rotation":90,"texture":"#0"},"south":{"uv":[0.5,8,1,5],"rotation":90,"texture":"#0"},"west":{"uv":[0,8,0.5,5],"rotation":90,"texture":"#0"},"up":{"uv":[5,8,2,5],"rotation":90,"texture":"#0"},"down":{"uv":[8,5,5,8],"rotation":270,"texture":"#0"}}},{"from":[5.5,0,5.5],"to":[10.5,1,10.5],"rotation":{"angle":0,"axis":"y","origin":[16,-5,0]},"faces":{"north":{"uv":[1,2.5,1.5,0],"rotation":90,"texture":"#0"},"east":{"uv":[1.5,2.5,2,0],"rotation":90,"texture":"#0"},"south":{"uv":[1,2.5,1.5,0],"rotation":90,"texture":"#0"},"west":{"uv":[1.5,2.5,2,0],"rotation":90,"texture":"#0"},"up":{"uv":[8,3.5,5.5,1],"rotation":90,"texture":"#0"},"down":{"uv":[8,1,5.5,3.5],"rotation":270,"texture":"#0"}}},{"from":[5.5,6,5.5],"to":[10.5,7,10.5],"rotation":{"angle":0,"axis":"y","origin":[16,-5,0]},"faces":{"north":{"uv":[0,2.5,0.5,0],"rotation":90,"texture":"#0"},"east":{"uv":[0.5,2.5,1,0],"rotation":90,"texture":"#0"},"south":{"uv":[0,2.5,0.5,0],"rotation":90,"texture":"#0"},"west":{"uv":[0.5,2.5,1,0],"rotation":90,"texture":"#0"},"up":{"uv":[5,1,4,0],"rotation":90,"texture":"#0"},"down":{"uv":[5,0,4,1],"rotation":270,"texture":"#0"}}},{"from":[5.5,-2,5.5],"to":[10.5,-1,10.5],"rotation":{"angle":0,"axis":"y","origin":[16,-5,0]},"faces":{"north":{"uv":[1,7.5,1.5,5],"rotation":90,"texture":"#0"},"east":{"uv":[1.5,7.5,2,5],"rotation":90,"texture":"#0"},"south":{"uv":[1,7.5,1.5,5],"rotation":90,"texture":"#0"},"west":{"uv":[1.5,7.5,2,5],"rotation":90,"texture":"#0"},"up":{"uv":[16,13.5,13.5,11],"rotation":90,"texture":"#0"},"down":{"uv":[16,11,13.5,13.5],"rotation":270,"texture":"#0"}}},{"from":[5,7,5],"to":[11,8,11],"rotation":{"angle":0,"axis":"y","origin":[16,-5,0]},"faces":{"north":{"uv":[12,5.75,12.5,2.75],"rotation":90,"texture":"#0"},"east":{"uv":[12.5,5.75,13,2.75],"rotation":90,"texture":"#0"},"south":{"uv":[12,5.75,12.5,2.75],"rotation":90,"texture":"#0"},"west":{"uv":[12.5,5.75,13,2.75],"rotation":90,"texture":"#0"},"up":{"uv":[16,5.75,13,2.75],"rotation":90,"texture":"#0"},"down":{"uv":[16,2.75,13,5.75],"rotation":270,"texture":"#0"}}},{"from":[8,8,4.5],"to":[13,11,11.5],"rotation":{"angle":-22.5,"axis":"z","origin":[8,11,8]},"faces":{"north":{"uv":[3.5,8,5,10.5],"rotation":90,"texture":"#0"},"east":{"uv":[0,14,1.5,10.5],"rotation":90,"texture":"#0"},"south":{"uv":[3.5,10.5,5,8],"rotation":90,"texture":"#0"},"west":{"uv":[0,14,1.5,10.5],"rotation":90,"texture":"#0"},"up":{"uv":[16,8.25,12.5,5.75],"rotation":90,"texture":"#0"},"down":{"uv":[3.5,8,0,10.5],"rotation":270,"texture":"#0"}}},{"from":[7,11,5.5],"to":[12,13,10.5],"rotation":{"angle":-22.5,"axis":"z","origin":[8,11,8]},"faces":{"north":{"uv":[10,2.5,11,5],"rotation":90,"texture":"#0"},"east":{"uv":[11,5,12,2.5],"rotation":90,"texture":"#0"},"south":{"uv":[10,5,11,2.5],"rotation":90,"texture":"#0"},"west":{"uv":[11.5,8.25,12.5,5.75],"rotation":90,"texture":"#0"},"up":{"uv":[12,2.5,9.5,0],"rotation":90,"texture":"#0"},"down":{"uv":[12,0,9.5,2.5],"rotation":270,"texture":"#0"}}},{"from":[8,13,6.5],"to":[11,14,9.5],"rotation":{"angle":-22.5,"axis":"z","origin":[8,11,8]},"faces":{"north":{"uv":[5,8,5.5,9.5],"rotation":90,"texture":"#0"},"east":{"uv":[5.5,9.5,6,8],"rotation":90,"texture":"#0"},"south":{"uv":[5,9.5,5.5,8],"rotation":90,"texture":"#0"},"west":{"uv":[6.5,5,7,3.5],"rotation":90,"texture":"#0"},"up":{"uv":[7.5,9.5,6,8],"rotation":90,"texture":"#0"},"down":{"uv":[7.5,8,6,9.5],"rotation":270,"texture":"#0"}}},{"from":[9,14,7.5],"to":[10,15,8.5],"rotation":{"angle":-22.5,"axis":"z","origin":[8,11,8]},"faces":{"north":{"uv":[6,3.5,6.5,4],"rotation":90,"texture":"#0"},"east":{"uv":[6,0.5,6.5,0],"rotation":90,"texture":"#0"},"south":{"uv":[6,4,6.5,3.5],"rotation":90,"texture":"#0"},"west":{"uv":[6.5,0.5,7,0],"rotation":90,"texture":"#0"},"up":{"uv":[7,1,6.5,0.5],"rotation":90,"texture":"#0"},"down":{"uv":[6.5,0.5,6,1],"rotation":270,"texture":"#0"}}},{"from":[4,8.5,4],"to":[8,14,12],"rotation":{"angle":22.5,"axis":"z","origin":[8,11,8]},"faces":{"north":{"uv":[1.5,10.5,3.5,13.25],"texture":"#0"},"east":{"uv":[16,2.75,12,0],"rotation":180,"texture":"#0"},"south":{"uv":[1.5,13.25,3.5,10.5],"rotation":180,"texture":"#0"},"west":{"uv":[16,8.25,12,11],"texture":"#0"},"up":{"uv":[3.5,14.5,5.5,10.5],"rotation":180,"texture":"#0"},"down":{"uv":[5.5,14.5,7.5,10.5],"rotation":180,"texture":"#0"}}},{"from":[4.5,0,6.5],"to":[5.5,2,7.5],"rotation":{"angle":0,"axis":"y","origin":[15.5,10.6,15]},"faces":{"north":{"uv":[1,8,2,7.5],"rotation":90,"texture":"#0"},"east":{"uv":[5.5,4,6.5,4.5],"rotation":90,"texture":"#0"},"south":{"uv":[1,7.5,2,8],"rotation":90,"texture":"#0"},"west":{"uv":[5.5,4.5,6.5,5],"rotation":90,"texture":"#0"},"up":{"uv":[5.5,3.5,6,4],"rotation":270,"texture":"#0"},"down":{"uv":[5.5,3.5,6,4],"rotation":270,"texture":"#0"}}},{"from":[4.3,1.8,6.6],"to":[5.3,2.8,7.4],"rotation":{"angle":-22.5,"axis":"z","origin":[5,1.5,7]},"faces":{"north":{"uv":[5.5,2,5,2.5],"texture":"#0"},"east":{"uv":[5,1.5,5.5,2],"texture":"#0"},"south":{"uv":[5,2,5.5,2.5],"texture":"#0"},"west":{"uv":[5,1,5.5,1.5],"texture":"#0"},"up":{"uv":[5,2.5,5.5,3],"rotation":180,"texture":"#0"},"down":{"uv":[5,3,5.5,3.5],"rotation":180,"texture":"#0"}}},{"from":[3.9,2.4,6.7],"to":[4.9,3.4,7.3],"rotation":{"angle":-45,"axis":"z","origin":[5,1.5,7]},"faces":{"north":{"uv":[5.5,4,5,4.5],"texture":"#0"},"east":{"uv":[5,3.5,5.25,4],"texture":"#0"},"south":{"uv":[5,4,5.5,4.5],"texture":"#0"},"west":{"uv":[5.25,3.5,5.5,4],"texture":"#0"},"up":{"uv":[5,4.5,5.5,4.75],"rotation":180,"texture":"#0"},"down":{"uv":[5,4.75,5.5,5],"rotation":180,"texture":"#0"}}},{"from":[6.3,2.2,6.5],"to":[7.3,3.2,7.5],"rotation":{"angle":22.5,"axis":"z","origin":[5,1.5,7]},"faces":{"north":{"uv":[4,4.5,4.5,4],"rotation":90,"texture":"#0"},"east":{"uv":[4.5,4,5,4.5],"rotation":270,"texture":"#0"},"south":{"uv":[4,4,4.5,4.5],"rotation":90,"texture":"#0"},"west":{"uv":[4.5,4,5,4.5],"rotation":270,"texture":"#0"},"up":{"uv":[4.5,4.5,5,5],"rotation":90,"texture":"#0"},"down":{"uv":[4,4.5,4.5,5],"rotation":270,"texture":"#0"}}},{"from":[4.5,0,8.5],"to":[5.5,2,9.5],"rotation":{"angle":0,"axis":"y","origin":[15.5,10.6,17]},"faces":{"north":{"uv":[1,8,2,7.5],"rotation":90,"texture":"#0"},"east":{"uv":[5.5,4,6.5,4.5],"rotation":90,"texture":"#0"},"south":{"uv":[1,7.5,2,8],"rotation":90,"texture":"#0"},"west":{"uv":[5.5,4.5,6.5,5],"rotation":90,"texture":"#0"},"up":{"uv":[5.5,3.5,6,4],"rotation":270,"texture":"#0"},"down":{"uv":[5.5,3.5,6,4],"rotation":270,"texture":"#0"}}},{"from":[4.3,1.8,8.6],"to":[5.3,2.8,9.4],"rotation":{"angle":-22.5,"axis":"z","origin":[5,1.5,9]},"faces":{"north":{"uv":[5.5,2,5,2.5],"texture":"#0"},"east":{"uv":[5,1.5,5.5,2],"texture":"#0"},"south":{"uv":[5,2,5.5,2.5],"texture":"#0"},"west":{"uv":[5,1,5.5,1.5],"texture":"#0"},"up":{"uv":[5,2.5,5.5,3],"rotation":180,"texture":"#0"},"down":{"uv":[5,3,5.5,3.5],"rotation":180,"texture":"#0"}}},{"from":[3.9,2.4,8.7],"to":[4.9,3.4,9.3],"rotation":{"angle":-45,"axis":"z","origin":[5,1.5,9]},"faces":{"north":{"uv":[5.5,4,5,4.5],"texture":"#0"},"east":{"uv":[5,3.5,5.25,4],"texture":"#0"},"south":{"uv":[5,4,5.5,4.5],"texture":"#0"},"west":{"uv":[5.25,3.5,5.5,4],"texture":"#0"},"up":{"uv":[5,4.5,5.5,4.75],"rotation":180,"texture":"#0"},"down":{"uv":[5,4.75,5.5,5],"rotation":180,"texture":"#0"}}},{"from":[6.3,2.2,8.5],"to":[7.3,3.2,9.5],"rotation":{"angle":22.5,"axis":"z","origin":[5,1.5,9]},"faces":{"north":{"uv":[4,4.5,4.5,4],"rotation":90,"texture":"#0"},"east":{"uv":[4.5,4,5,4.5],"rotation":270,"texture":"#0"},"south":{"uv":[4,4,4.5,4.5],"rotation":90,"texture":"#0"},"west":{"uv":[4.5,4,5,4.5],"rotation":270,"texture":"#0"},"up":{"uv":[4.5,4.5,5,5],"rotation":90,"texture":"#0"},"down":{"uv":[4,4.5,4.5,5],"rotation":270,"texture":"#0"}}},{"from":[6,5,1],"to":[9,9,3],"rotation":{"angle":-45,"axis":"y","origin":[0.5,2.5,1]},"faces":{"north":{"uv":[10,5.75,11.5,7.75],"texture":"#0"},"east":{"uv":[9,5.75,10,7.75],"texture":"#0"},"south":{"uv":[10,5.75,11.5,7.75],"texture":"#0"},"west":{"uv":[9,5.75,10,7.75],"texture":"#0"},"up":{"uv":[7,0,8.5,1],"texture":"#0"},"down":{"uv":[7,0,8.5,1],"texture":"#0"}}},{"from":[6,5,13],"to":[9,9,15],"rotation":{"angle":45,"axis":"y","origin":[0.5,2.5,15]},"faces":{"north":{"uv":[11.5,5.75,10,7.75],"texture":"#0"},"east":{"uv":[10,5.75,9,7.75],"texture":"#0"},"south":{"uv":[10,5.75,11.5,7.75],"texture":"#0"},"west":{"uv":[10,5.75,9,7.75],"texture":"#0"},"up":{"uv":[7,1,8.5,0],"texture":"#0"},"down":{"uv":[7,1,8.5,0],"texture":"#0"}}},{"from":[5.3,2,9.5],"to":[5.3,7,11.5],"rotation":{"angle":0,"axis":"y","origin":[0.5,3,8]},"faces":{"north":{"uv":[9,5.75,9,8.75],"texture":"#0"},"east":{"uv":[5,10.5,7.5,9.5],"rotation":90,"texture":"#0"},"south":{"uv":[9,5.75,9,8.75],"texture":"#0"},"west":{"uv":[5,10.5,7.5,9.5],"rotation":90,"texture":"#0"},"up":{"uv":[5,9.5,6.5,9.5],"rotation":270,"texture":"#0"},"down":{"uv":[5,9.5,6.5,9.5],"rotation":90,"texture":"#0"}}},{"from":[5.3,2,4.5],"to":[5.3,7,6.5],"rotation":{"angle":0,"axis":"y","origin":[0.5,3,8]},"faces":{"north":{"uv":[9,5.75,9,8.75],"texture":"#0"},"east":{"uv":[5,9.5,7.5,10.5],"rotation":90,"texture":"#0"},"south":{"uv":[9,5.75,9,8.75],"texture":"#0"},"west":{"uv":[5,9.5,7.5,10.5],"rotation":90,"texture":"#0"},"up":{"uv":[6.5,9.5,5,9.5],"rotation":270,"texture":"#0"},"down":{"uv":[6.5,9.5,5,9.5],"rotation":90,"texture":"#0"}}},{"from":[4,6,7.5],"to":[5,9,8.5],"rotation":{"angle":0,"axis":"y","origin":[7.5,7,14]},"faces":{"north":{"uv":[8,3.5,7.5,5],"texture":"#0"},"east":{"uv":[7,3.5,7.5,5],"texture":"#0"},"south":{"uv":[7.5,3.5,8,5],"texture":"#0"},"west":{"uv":[7,3.5,7.5,5],"texture":"#0"},"up":{"uv":[8,1,8.5,1.5],"texture":"#0"},"down":{"uv":[8,1,8.5,1.5],"texture":"#0"}}},{"from":[6,14,8],"to":[11,19,8],"faces":{"north":{"uv":[12,8.25,9.5,10.75],"texture":"#0"},"east":{"uv":[0,0,0,2.5],"texture":"#0"},"south":{"uv":[9.5,8.25,12,10.75],"texture":"#0"},"west":{"uv":[0,0,0,2.5],"texture":"#0"},"up":{"uv":[0,0,2.5,0],"texture":"#0"},"down":{"uv":[0,0,2.5,0],"texture":"#0"}}},{"from":[8.20188,5.14094,9.47031],"to":[9.00188,6.14094,10.47031],"rotation":{"angle":-22.5,"axis":"x","origin":[8.60188,6.14874,10]},"faces":{"north":{"uv":[5.5,3,5,3.5],"rotation":270,"texture":"#0"},"east":{"uv":[5,2,5.5,2.5],"rotation":270,"texture":"#0"},"south":{"uv":[5.5,2.5,5,3],"rotation":270,"texture":"#0"},"west":{"uv":[5.5,2,5,2.5],"rotation":90,"texture":"#0"},"up":{"uv":[5.5,1.5,5,2],"rotation":180,"texture":"#0"},"down":{"uv":[5.5,1,5,1.5],"texture":"#0"}}},{"from":[8.30188,5.08188,10.01568],"to":[8.90188,6.08188,11.01568],"rotation":{"angle":-45,"axis":"x","origin":[8.60188,6.14874,10]},"faces":{"north":{"uv":[5.5,4.75,5,5],"rotation":270,"texture":"#0"},"east":{"uv":[5,4,5.5,4.5],"rotation":270,"texture":"#0"},"south":{"uv":[5.5,4.5,5,4.75],"rotation":270,"texture":"#0"},"west":{"uv":[5.5,4,5,4.5],"rotation":90,"texture":"#0"},"up":{"uv":[5.25,3.5,5,4],"rotation":180,"texture":"#0"},"down":{"uv":[5.5,3.5,5.25,4],"texture":"#0"}}},{"from":[8.10188,6.64441,10.33097],"to":[9.10188,7.64441,11.33097],"rotation":{"angle":22.5,"axis":"x","origin":[8.60188,6.14874,10]},"faces":{"north":{"uv":[4,5,4.5,4.5],"texture":"#0"},"east":{"uv":[4,4,4.5,4.5],"texture":"#0"},"south":{"uv":[4.5,5,5,4.5],"rotation":180,"texture":"#0"},"west":{"uv":[4,4.5,4.5,4],"rotation":180,"texture":"#0"},"up":{"uv":[4.5,4.5,5,4],"rotation":90,"texture":"#0"},"down":{"uv":[4.5,4.5,5,4],"rotation":270,"texture":"#0"}}},{"from":[8.00188,7.04441,10.83097],"to":[9.20188,8.04441,11.83097],"rotation":{"angle":0,"axis":"y","origin":[8.60188,6.14874,10]},"faces":{"north":{"uv":[4,5,4.5,4.5],"texture":"#0"},"east":{"uv":[4,4,4.5,4.5],"texture":"#0"},"south":{"uv":[4.5,5,5,4.5],"rotation":180,"texture":"#0"},"west":{"uv":[4,4.5,4.5,4],"rotation":180,"texture":"#0"},"up":{"uv":[4.5,4.5,5,4],"rotation":90,"texture":"#0"},"down":{"uv":[4.5,4.5,5,4],"rotation":270,"texture":"#0"}}},{"from":[8.20188,5.14094,5.52969],"to":[9.00188,6.14094,6.52969],"rotation":{"angle":22.5,"axis":"x","origin":[8.60188,6.14874,6]},"faces":{"north":{"uv":[5.5,3,5,2.5],"rotation":270,"texture":"#0"},"east":{"uv":[5,2.5,5.5,2],"rotation":270,"texture":"#0"},"south":{"uv":[5.5,3.5,5,3],"rotation":270,"texture":"#0"},"west":{"uv":[5.5,2.5,5,2],"rotation":90,"texture":"#0"},"up":{"uv":[5.5,2,5,1.5],"rotation":180,"texture":"#0"},"down":{"uv":[5.5,1.5,5,1],"texture":"#0"}}},{"from":[8.30188,5.08188,4.98432],"to":[8.90188,6.08188,5.98432],"rotation":{"angle":45,"axis":"x","origin":[8.60188,6.14874,6]},"faces":{"north":{"uv":[5.5,4.75,5,4.5],"rotation":270,"texture":"#0"},"east":{"uv":[5,4.5,5.5,4],"rotation":270,"texture":"#0"},"south":{"uv":[5.5,5,5,4.75],"rotation":270,"texture":"#0"},"west":{"uv":[5.5,4.5,5,4],"rotation":90,"texture":"#0"},"up":{"uv":[5.25,4,5,3.5],"rotation":180,"texture":"#0"},"down":{"uv":[5.5,4,5.25,3.5],"texture":"#0"}}},{"from":[8.10188,6.64441,4.66903],"to":[9.10188,7.64441,5.66903],"rotation":{"angle":-22.5,"axis":"x","origin":[8.60188,6.14874,6]},"faces":{"north":{"uv":[5,5,4.5,4.5],"rotation":180,"texture":"#0"},"east":{"uv":[4.5,4,4,4.5],"texture":"#0"},"south":{"uv":[4.5,5,4,4.5],"texture":"#0"},"west":{"uv":[4.5,4.5,4,4],"rotation":180,"texture":"#0"},"up":{"uv":[5,4.5,4.5,4],"rotation":90,"texture":"#0"},"down":{"uv":[5,4.5,4.5,4],"rotation":270,"texture":"#0"}}},{"from":[8.00188,7.04441,4.16903],"to":[9.20188,8.04441,5.16903],"rotation":{"angle":0,"axis":"y","origin":[8.60188,6.14874,6]},"faces":{"north":{"uv":[5,5,4.5,4.5],"rotation":180,"texture":"#0"},"east":{"uv":[4.5,4,4,4.5],"texture":"#0"},"south":{"uv":[4.5,5,4,4.5],"texture":"#0"},"west":{"uv":[4.5,4.5,4,4],"rotation":180,"texture":"#0"},"up":{"uv":[5,4.5,4.5,4],"rotation":90,"texture":"#0"},"down":{"uv":[5,4.5,4.5,4],"rotation":270,"texture":"#0"}}}],"gui_light":"front","display":{"thirdperson_righthand":{"rotation":[45,117,0],"translation":[0,1.25,1],"scale":[0.53,0.53,0.53]},"thirdperson_lefthand":{"rotation":[45,117,0],"translation":[0,1.25,1],"scale":[0.53,0.53,0.53]},"firstperson_righthand":{"rotation":[-175.56,80,170],"translation":[0.5,3.5,0.5],"scale":[0.5,0.5,0.5]},"firstperson_lefthand":{"rotation":[-175.56,-80,-170],"translation":[0.5,3.5,0.5],"scale":[0.5,0.5,0.5]},"ground":{"rotation":[-28,-26,6],"translation":[0.5,4.5,0.5],"scale":[0.33,0.33,0.33]},"gui":{"rotation":[0,0,-45],"translation":[0.5,0.25,-2],"scale":[0.69,0.69,0.69]},"head":{"rotation":[-135.5,0,0],"translation":[0,20.5,4.75],"scale":[0,0,0]},"fixed":{"translation":[-0.75,2.5,-6.5],"scale":[1.5,1.5,1.5]}}}