{"credit":"MadewithBlockbench","texture_size":[32,32],"textures":{"0":"elitecreatures:valentines_animated_weapon_and_tool_set_v1/valentine_tex1","1":"elitecreatures:valentines_animated_weapon_and_tool_set_v1/valentine_tex2","2":"elitecreatures:valentines_animated_weapon_and_tool_set_v1/valentine_tex3","3":"elitecreatures:valentines_animated_weapon_and_tool_set_v1/bowfill","4":"elitecreatures:valentines_animated_weapon_and_tool_set_v1/cameralens1","5":"elitecreatures:valentines_animated_weapon_and_tool_set_v1/heartnitro","6":"elitecreatures:valentines_animated_weapon_and_tool_set_v1/heartrotate","7":"elitecreatures:valentines_animated_weapon_and_tool_set_v1/heartrotate1","particle":"elitecreatures:valentines_animated_weapon_and_tool_set_v1/valentine_tex1"},"elements":[{"from":[4.9,-8.9,13.6],"to":[4.9,-3.3,17.45],"rotation":{"angle":0,"axis":"y","origin":[5.20239,-1.97,6.6]},"faces":{"north":{"uv":[0,0,0,6],"texture":"#6"},"east":{"uv":[0,0,5.5,8],"texture":"#6"},"south":{"uv":[0,0,0,6],"texture":"#6"},"west":{"uv":[5.5,0,0,8],"texture":"#6"},"up":{"uv":[0,6,0,0],"texture":"#6"},"down":{"uv":[0,6,0,0],"texture":"#6"}}},{"from":[1.50757,-8.9,12.80491],"to":[1.50757,-3.3,16.65491],"rotation":{"angle":22.5,"axis":"y","origin":[5.20239,-1.97,6.6]},"faces":{"north":{"uv":[0,0,0,6],"texture":"#6"},"east":{"uv":[10.5,0,5,8],"texture":"#6"},"south":{"uv":[0,0,0,6],"texture":"#6"},"west":{"uv":[5,0,10.5,8],"texture":"#6"},"up":{"uv":[0,6,0,0],"texture":"#6"},"down":{"uv":[0,6,0,0],"texture":"#6"}}},{"from":[-1.32236,-8.9,10.77211],"to":[-1.32236,-3.3,14.62211],"rotation":{"angle":45,"axis":"y","origin":[5.20239,-1.97,6.6]},"faces":{"north":{"uv":[0,0,0,6],"texture":"#6"},"east":{"uv":[16,0,10.5,8],"texture":"#6"},"south":{"uv":[0,0,0,6],"texture":"#6"},"west":{"uv":[10.5,0,16,8],"texture":"#6"},"up":{"uv":[0,6,0,0],"texture":"#6"},"down":{"uv":[0,6,0,0],"texture":"#6"}}},{"from":[6.41347,-8.9,14.96134],"to":[10.26347,-3.3,14.96134],"rotation":{"angle":-22.5,"axis":"y","origin":[5.20239,-1.97,6.6]},"faces":{"north":{"uv":[5.5,8,0,16],"texture":"#6"},"east":{"uv":[0,0,0,6],"texture":"#6"},"south":{"uv":[0,8,5.5,16],"texture":"#6"},"west":{"uv":[0,0,0,6],"texture":"#6"},"up":{"uv":[0,0,0,6],"rotation":90,"texture":"#6"},"down":{"uv":[0,0,0,6],"rotation":270,"texture":"#6"}}},{"from":[2.975,-8.9,15.525],"to":[6.825,-3.3,15.525],"rotation":{"angle":0,"axis":"y","origin":[5.20239,-1.97,6.6]},"faces":{"north":{"uv":[10.5,8,5,16],"texture":"#6"},"east":{"uv":[0,0,0,6],"texture":"#6"},"south":{"uv":[5,8,10.5,16],"texture":"#6"},"west":{"uv":[0,0,0,6],"texture":"#6"},"up":{"uv":[0,0,0,6],"rotation":90,"texture":"#6"},"down":{"uv":[0,0,0,6],"rotation":270,"texture":"#6"}}},{"from":[-0.41743,-8.9,14.72991],"to":[3.43257,-3.3,14.72991],"rotation":{"angle":22.5,"axis":"y","origin":[5.20239,-1.97,6.6]},"faces":{"north":{"uv":[16,8,10.5,16],"texture":"#6"},"east":{"uv":[0,0,0,6],"texture":"#6"},"south":{"uv":[10.5,8,16,16],"texture":"#6"},"west":{"uv":[0,0,0,6],"texture":"#6"},"up":{"uv":[0,0,0,6],"rotation":90,"texture":"#6"},"down":{"uv":[0,0,0,6],"rotation":270,"texture":"#6"}}},{"from":[-3.24736,-8.9,12.69711],"to":[0.60264,-3.3,12.69711],"rotation":{"angle":45,"axis":"y","origin":[5.20239,-1.97,6.6]},"faces":{"north":{"uv":[5.5,0,0,8],"texture":"#7"},"east":{"uv":[0,0,0,6],"texture":"#7"},"south":{"uv":[0,0,5.5,8],"texture":"#7"},"west":{"uv":[0,0,0,6],"texture":"#7"},"up":{"uv":[0,0,0,6],"rotation":90,"texture":"#7"},"down":{"uv":[0,0,0,6],"rotation":270,"texture":"#7"}}},{"from":[8.33847,-8.9,13.03634],"to":[8.33847,-3.3,16.88634],"rotation":{"angle":-22.5,"axis":"y","origin":[5.20239,-1.97,6.6]},"faces":{"north":{"uv":[0,0,0,6],"texture":"#7"},"east":{"uv":[5,0,10.5,8],"texture":"#7"},"south":{"uv":[0,0,0,6],"texture":"#7"},"west":{"uv":[10.5,0,5,8],"texture":"#7"},"up":{"uv":[0,6,0,0],"rotation":180,"texture":"#7"},"down":{"uv":[0,6,0,0],"rotation":180,"texture":"#7"}}},{"from":[4.9,-8.9,13.6],"to":[4.9,-3.3,17.45],"rotation":{"angle":0,"axis":"y","origin":[5.20239,-1.97,6.6]},"faces":{"north":{"uv":[0,0,0,6],"texture":"#7"},"east":{"uv":[16,0,10.5,8],"texture":"#7"},"south":{"uv":[0,0,0,6],"texture":"#7"},"west":{"uv":[10.5,0,16,8],"texture":"#7"},"up":{"uv":[0,6,0,0],"rotation":180,"texture":"#7"},"down":{"uv":[0,6,0,0],"rotation":180,"texture":"#7"}}},{"from":[1.50757,-8.9,12.80491],"to":[1.50757,-3.3,16.65491],"rotation":{"angle":22.5,"axis":"y","origin":[5.20239,-1.97,6.6]},"faces":{"north":{"uv":[0,0,0,6],"texture":"#7"},"east":{"uv":[5.5,8,0,16],"texture":"#7"},"south":{"uv":[0,0,0,6],"texture":"#7"},"west":{"uv":[0,8,5.5,16],"texture":"#7"},"up":{"uv":[0,6,0,0],"rotation":180,"texture":"#7"},"down":{"uv":[0,6,0,0],"rotation":180,"texture":"#7"}}},{"from":[-1.32236,-8.9,10.77211],"to":[-1.32236,-3.3,14.62211],"rotation":{"angle":45,"axis":"y","origin":[5.20239,-1.97,6.6]},"faces":{"north":{"uv":[0,0,0,6],"texture":"#7"},"east":{"uv":[10.5,8,5,16],"texture":"#7"},"south":{"uv":[0,0,0,6],"texture":"#7"},"west":{"uv":[5,8,10.5,16],"texture":"#7"},"up":{"uv":[0,6,0,0],"rotation":180,"texture":"#7"},"down":{"uv":[0,6,0,0],"rotation":180,"texture":"#7"}}},{"from":[6.41347,-8.9,14.96134],"to":[10.26347,-3.3,14.96134],"rotation":{"angle":-22.5,"axis":"y","origin":[5.20239,-1.97,6.6]},"faces":{"north":{"uv":[16,8,10.5,16],"texture":"#7"},"east":{"uv":[0,0,0,6],"texture":"#7"},"south":{"uv":[10.5,8,16,16],"texture":"#7"},"west":{"uv":[0,0,0,6],"texture":"#7"},"up":{"uv":[0,0,0,6],"rotation":270,"texture":"#7"},"down":{"uv":[0,0,0,6],"rotation":90,"texture":"#7"}}},{"from":[3.57,-6.73,3.8],"to":[7.07,-6.03,4.5],"rotation":{"angle":0,"axis":"y","origin":[5.20239,-1.97,6.6]},"faces":{"north":{"uv":[6.5,10.5,7,13],"rotation":90,"texture":"#2"},"east":{"uv":[6.25,9.5,7.25,10],"texture":"#2"},"south":{"uv":[11,7.5,11.5,10],"rotation":270,"texture":"#2"},"west":{"uv":[6.25,9.5,7.25,10],"texture":"#2"},"up":{"uv":[9.5,7,12,6.5],"texture":"#2"},"down":{"uv":[9.5,6.5,12,7],"texture":"#2"}}},{"from":[3.57,-6.03,4.5],"to":[7.07,-3.93,8.7],"rotation":{"angle":0,"axis":"y","origin":[5.20239,-1.97,6.6]},"faces":{"north":{"uv":[9,10,10.5,12.5],"rotation":90,"texture":"#2"},"east":{"uv":[7.5,10,9,13],"rotation":270,"texture":"#2"},"south":{"uv":[10.5,10,9,12.5],"rotation":270,"texture":"#2"},"west":{"uv":[7.5,10,9,13],"rotation":270,"texture":"#2"},"up":{"uv":[7.5,7.5,10.5,10],"rotation":270,"texture":"#2"},"down":{"uv":[12,6.5,15,9],"rotation":270,"texture":"#2"}}},{"from":[4.34,-3.93,5.2],"to":[6.44,-3.23,8],"rotation":{"angle":0,"axis":"y","origin":[5.20239,-1.97,6.6]},"faces":{"north":{"uv":[13.5,10,13,11.5],"rotation":90,"texture":"#2"},"east":{"uv":[11,11.5,11.5,13.5],"rotation":270,"texture":"#2"},"south":{"uv":[13,10,13.5,11.5],"rotation":270,"texture":"#2"},"west":{"uv":[11,11.5,11.5,13.5],"rotation":270,"texture":"#2"},"up":{"uv":[11,10,13,11.5],"rotation":270,"texture":"#2"},"down":{"uv":[11,10,13,11.5],"rotation":270,"texture":"#2"}}},{"from":[7.07,-6.73,4.5],"to":[7.77,-6.03,8.7],"rotation":{"angle":0,"axis":"y","origin":[5.20239,-1.97,6.6]},"faces":{"north":{"uv":[7.5,13.5,8,13],"rotation":90,"texture":"#2"},"east":{"uv":[10.5,10.5,11,7.5],"rotation":270,"texture":"#2"},"south":{"uv":[7.5,13.5,8,13],"rotation":270,"texture":"#2"},"west":{"uv":[10.5,13.5,11,10.5],"rotation":270,"texture":"#2"},"up":{"uv":[7.5,10.5,7,13.5],"texture":"#2"},"down":{"uv":[7.5,10.5,7,13.5],"texture":"#2"}}},{"from":[3.57,-6.73,8.7],"to":[7.07,-6.03,9.4],"rotation":{"angle":0,"axis":"y","origin":[5.20239,-1.97,6.6]},"faces":{"north":{"uv":[12,7.5,11.5,10],"rotation":90,"texture":"#2"},"east":{"uv":[7.25,9.5,6.25,10],"texture":"#2"},"south":{"uv":[7,10.5,6.5,13],"rotation":270,"texture":"#2"},"west":{"uv":[7.25,9.5,6.25,10],"texture":"#2"},"up":{"uv":[9.5,6.5,12,7],"texture":"#2"},"down":{"uv":[9.5,7,12,6.5],"texture":"#2"}}},{"from":[2.87,-6.73,4.5],"to":[3.57,-6.03,8.7],"rotation":{"angle":0,"axis":"y","origin":[5.20239,-1.97,6.6]},"faces":{"north":{"uv":[7.5,13,8,13.5],"rotation":90,"texture":"#2"},"east":{"uv":[10.5,10.5,11,13.5],"rotation":270,"texture":"#2"},"south":{"uv":[7.5,13,8,13.5],"rotation":270,"texture":"#2"},"west":{"uv":[10.5,7.5,11,10.5],"rotation":270,"texture":"#2"},"up":{"uv":[7,10.5,7.5,13.5],"texture":"#2"},"down":{"uv":[7,10.5,7.5,13.5],"texture":"#2"}}},{"from":[5.84588,-7.1128,8.77132],"to":[6.54588,-5.7128,9.47132],"rotation":{"angle":0,"axis":"y","origin":[5.20239,-1.97,6.6]},"faces":{"north":{"uv":[5.5,4,6.5,4.5],"rotation":90,"texture":"#0"},"east":{"uv":[1,7.5,2,8],"rotation":90,"texture":"#0"},"south":{"uv":[5.5,4.5,6.5,5],"rotation":90,"texture":"#0"},"west":{"uv":[1,8,2,7.5],"rotation":90,"texture":"#0"},"up":{"uv":[5.5,3.5,6,4],"rotation":180,"texture":"#0"},"down":{"uv":[5.5,3.5,6,4],"texture":"#0"}}},{"from":[5.91588,-6.50612,7.15314],"to":[6.47588,-5.80612,7.85314],"rotation":{"angle":-22.5,"axis":"x","origin":[5.20239,-1.97,6.6]},"faces":{"north":{"uv":[5,1.5,5.5,2],"texture":"#0"},"east":{"uv":[5,2,5.5,2.5],"texture":"#0"},"south":{"uv":[5,1,5.5,1.5],"texture":"#0"},"west":{"uv":[5.5,2,5,2.5],"texture":"#0"},"up":{"uv":[5,2.5,5.5,3],"rotation":90,"texture":"#0"},"down":{"uv":[5,3,5.5,3.5],"rotation":270,"texture":"#0"}}},{"from":[4.30588,-6.01689,5.55879],"to":[4.72588,-5.31689,6.25879],"rotation":{"angle":-45,"axis":"x","origin":[5.20239,-1.97,6.6]},"faces":{"north":{"uv":[5,3.5,5.25,4],"texture":"#0"},"east":{"uv":[5,4,5.5,4.5],"texture":"#0"},"south":{"uv":[5.25,3.5,5.5,4],"texture":"#0"},"west":{"uv":[5.5,4,5,4.5],"texture":"#0"},"up":{"uv":[5,4.5,5.5,4.75],"rotation":90,"texture":"#0"},"down":{"uv":[5,4.75,5.5,5],"rotation":270,"texture":"#0"}}},{"from":[4.23588,-6.50612,7.15314],"to":[4.79588,-5.80612,7.85314],"rotation":{"angle":-22.5,"axis":"x","origin":[5.20239,-1.97,6.6]},"faces":{"north":{"uv":[5,1.5,5.5,2],"texture":"#0"},"east":{"uv":[5,2,5.5,2.5],"texture":"#0"},"south":{"uv":[5,1,5.5,1.5],"texture":"#0"},"west":{"uv":[5.5,2,5,2.5],"texture":"#0"},"up":{"uv":[5,2.5,5.5,3],"rotation":90,"texture":"#0"},"down":{"uv":[5,3,5.5,3.5],"rotation":270,"texture":"#0"}}},{"from":[4.16588,-7.1128,8.77132],"to":[4.86588,-5.7128,9.47132],"rotation":{"angle":0,"axis":"y","origin":[5.20239,-1.97,6.6]},"faces":{"north":{"uv":[5.5,4,6.5,4.5],"rotation":90,"texture":"#0"},"east":{"uv":[1,7.5,2,8],"rotation":90,"texture":"#0"},"south":{"uv":[5.5,4.5,6.5,5],"rotation":90,"texture":"#0"},"west":{"uv":[1,8,2,7.5],"rotation":90,"texture":"#0"},"up":{"uv":[5.5,3.5,6,4],"rotation":180,"texture":"#0"},"down":{"uv":[5.5,3.5,6,4],"texture":"#0"}}},{"from":[5.98588,-6.01689,5.55879],"to":[6.40588,-5.31689,6.25879],"rotation":{"angle":-45,"axis":"x","origin":[5.20239,-1.97,6.6]},"faces":{"north":{"uv":[5,3.5,5.25,4],"texture":"#0"},"east":{"uv":[5,4,5.5,4.5],"texture":"#0"},"south":{"uv":[5.25,3.5,5.5,4],"texture":"#0"},"west":{"uv":[5.5,4,5,4.5],"texture":"#0"},"up":{"uv":[5,4.5,5.5,4.75],"rotation":90,"texture":"#0"},"down":{"uv":[5,4.75,5.5,5],"rotation":270,"texture":"#0"}}},{"from":[5.84588,-7.1128,3.72868],"to":[6.54588,-5.7128,4.42868],"rotation":{"angle":0,"axis":"y","origin":[5.20239,-1.97,6.6]},"faces":{"north":{"uv":[6.5,4.5,5.5,5],"rotation":270,"texture":"#0"},"east":{"uv":[1,8,2,7.5],"rotation":90,"texture":"#0"},"south":{"uv":[6.5,4,5.5,4.5],"rotation":270,"texture":"#0"},"west":{"uv":[1,7.5,2,8],"rotation":90,"texture":"#0"},"up":{"uv":[5.5,4,6,3.5],"rotation":180,"texture":"#0"},"down":{"uv":[5.5,4,6,3.5],"texture":"#0"}}},{"from":[5.91588,-6.50612,5.34686],"to":[6.47588,-5.80612,6.04686],"rotation":{"angle":22.5,"axis":"x","origin":[5.20239,-1.97,6.6]},"faces":{"north":{"uv":[5,1.5,5.5,1],"rotation":180,"texture":"#0"},"east":{"uv":[5.5,2,5,2.5],"texture":"#0"},"south":{"uv":[5,2,5.5,1.5],"rotation":180,"texture":"#0"},"west":{"uv":[5,2,5.5,2.5],"texture":"#0"},"up":{"uv":[5.5,2.5,5,3],"rotation":90,"texture":"#0"},"down":{"uv":[5.5,3,5,3.5],"rotation":270,"texture":"#0"}}},{"from":[4.30588,-6.01689,6.94121],"to":[4.72588,-5.31689,7.64121],"rotation":{"angle":45,"axis":"x","origin":[5.20239,-1.97,6.6]},"faces":{"north":{"uv":[5.25,4,5.5,3.5],"rotation":180,"texture":"#0"},"east":{"uv":[5.5,4,5,4.5],"texture":"#0"},"south":{"uv":[5,4,5.25,3.5],"rotation":180,"texture":"#0"},"west":{"uv":[5,4,5.5,4.5],"texture":"#0"},"up":{"uv":[5.5,4.5,5,4.75],"rotation":90,"texture":"#0"},"down":{"uv":[5.5,4.75,5,5],"rotation":270,"texture":"#0"}}},{"from":[4.23588,-6.50612,5.34686],"to":[4.79588,-5.80612,6.04686],"rotation":{"angle":22.5,"axis":"x","origin":[5.20239,-1.97,6.6]},"faces":{"north":{"uv":[5,1.5,5.5,1],"rotation":180,"texture":"#0"},"east":{"uv":[5.5,2,5,2.5],"texture":"#0"},"south":{"uv":[5,2,5.5,1.5],"rotation":180,"texture":"#0"},"west":{"uv":[5,2,5.5,2.5],"texture":"#0"},"up":{"uv":[5.5,2.5,5,3],"rotation":90,"texture":"#0"},"down":{"uv":[5.5,3,5,3.5],"rotation":270,"texture":"#0"}}},{"from":[4.16588,-7.1128,3.72868],"to":[4.86588,-5.7128,4.42868],"rotation":{"angle":0,"axis":"y","origin":[5.20239,-1.97,6.6]},"faces":{"north":{"uv":[6.5,4.5,5.5,5],"rotation":270,"texture":"#0"},"east":{"uv":[1,8,2,7.5],"rotation":90,"texture":"#0"},"south":{"uv":[6.5,4,5.5,4.5],"rotation":270,"texture":"#0"},"west":{"uv":[1,7.5,2,8],"rotation":90,"texture":"#0"},"up":{"uv":[5.5,4,6,3.5],"rotation":180,"texture":"#0"},"down":{"uv":[5.5,4,6,3.5],"texture":"#0"}}},{"from":[5.98588,-6.01689,6.94121],"to":[6.40588,-5.31689,7.64121],"rotation":{"angle":45,"axis":"x","origin":[5.20239,-1.97,6.6]},"faces":{"north":{"uv":[5.25,4,5.5,3.5],"rotation":180,"texture":"#0"},"east":{"uv":[5.5,4,5,4.5],"texture":"#0"},"south":{"uv":[5,4,5.25,3.5],"rotation":180,"texture":"#0"},"west":{"uv":[5,4,5.5,4.5],"texture":"#0"},"up":{"uv":[5.5,4.5,5,4.75],"rotation":90,"texture":"#0"},"down":{"uv":[5.5,4.75,5,5],"rotation":270,"texture":"#0"}}},{"from":[4.89893,-6.14823,-3.09574],"to":[6.29893,-2.64823,5.30426],"rotation":{"angle":45,"axis":"x","origin":[5.20239,-1.97,6.6]},"faces":{"north":{"uv":[6,3,7,5.5],"texture":"#2"},"east":{"uv":[14.5,1,8.5,3.5],"texture":"#2"},"south":{"uv":[6,3,7,5.5],"texture":"#2"},"west":{"uv":[8.5,1,14.5,3.5],"texture":"#2"},"up":{"uv":[7,14,13,15],"rotation":90,"texture":"#2"},"down":{"uv":[7,14,13,15],"rotation":270,"texture":"#2"}}},{"from":[4.96893,-3.99828,2.74425],"to":[6.22893,-1.54828,5.19425],"rotation":{"angle":0,"axis":"y","origin":[5.20239,-1.97,6.6]},"faces":{"north":{"uv":[1,13,4.5,15],"rotation":90,"texture":"#1"},"east":{"uv":[11.75,13.75,10,15.5],"rotation":270,"texture":"#1"},"south":{"uv":[4.5,13,1,15],"rotation":90,"texture":"#3"},"west":{"uv":[10,13.75,11.75,15.5],"rotation":90,"texture":"#1"},"up":{"uv":[10.5,10,11.5,11.75],"rotation":180,"texture":"#1"},"down":{"uv":[10.5,10,11.5,11.75],"texture":"#1"}}},{"from":[4.89893,-7.54823,-4.49574],"to":[6.29893,-6.14823,5.30426],"rotation":{"angle":45,"axis":"x","origin":[5.20239,-1.97,6.6]},"faces":{"north":{"uv":[7.5,2,8.5,3],"texture":"#2"},"east":{"uv":[0,13,7,14],"texture":"#2"},"south":{"uv":[7.5,2,8.5,3],"texture":"#2"},"west":{"uv":[0,13,7,14],"texture":"#2"},"up":{"uv":[0,13,7,14],"rotation":90,"texture":"#2"},"down":{"uv":[7,14,14,15],"rotation":270,"texture":"#2"}}},{"from":[4.26893,-1.18843,4.83908],"to":[6.92893,0.91157,6.23908],"rotation":{"angle":-22.5,"axis":"x","origin":[5.20239,-1.97,6.6]},"faces":{"north":{"uv":[13,11.5,14.5,13.5],"rotation":90,"texture":"#2"},"east":{"uv":[3.5,10,5,11],"rotation":270,"texture":"#2"},"south":{"uv":[1,8,4,12],"rotation":90,"texture":"#3"},"west":{"uv":[5,10,3.5,11],"rotation":90,"texture":"#2"},"up":{"uv":[12,9,14,10],"rotation":180,"texture":"#2"},"down":{"uv":[6.5,9,10.5,11],"texture":"#3"}}},{"from":[4.19893,-2.57823,-5.89574],"to":[6.99893,-1.17823,3.90426],"rotation":{"angle":45,"axis":"x","origin":[5.20239,-1.97,6.6]},"faces":{"north":{"uv":[6.5,13,10.5,15],"texture":"#3"},"east":{"uv":[16,15,9,16],"texture":"#2"},"south":{"uv":[7,15,9,16],"texture":"#2"},"west":{"uv":[9,15,16,16],"texture":"#2"},"up":{"uv":[15,6.5,1,2.5],"rotation":90,"texture":"#3"},"down":{"uv":[6.5,0,13.5,2],"rotation":270,"texture":"#1"}}},{"from":[5.17893,5.31,-3.61893],"to":[6.01893,6.01,-2.21893],"rotation":{"angle":0,"axis":"y","origin":[5.20239,-1.97,6.6]},"faces":{"north":{"uv":[2.5,11,2,11.5],"rotation":270,"texture":"#2"},"east":{"uv":[2,10,2.5,11],"rotation":90,"texture":"#2"},"south":{"uv":[2.5,11,2,11.5],"rotation":270,"texture":"#2"},"west":{"uv":[2.5,10,2,11],"rotation":270,"texture":"#2"},"up":{"uv":[3.5,10.5,3,11.5],"texture":"#2"},"down":{"uv":[3,10,2.5,11],"rotation":180,"texture":"#2"}}},{"from":[5.31893,8.51774,5.54081],"to":[5.87893,9.21774,6.24081],"rotation":{"angle":-45,"axis":"x","origin":[5.20239,-1.97,6.6]},"faces":{"north":{"uv":[0.5,11.5,1,12],"texture":"#2"},"east":{"uv":[1.5,11,1,11.5],"texture":"#2"},"south":{"uv":[3,10,3.5,10.5],"texture":"#2"},"west":{"uv":[1,11,1.5,11.5],"texture":"#2"},"up":{"uv":[1,10.5,1.5,11],"rotation":90,"texture":"#2"},"down":{"uv":[1,10.5,1.5,11],"rotation":270,"texture":"#2"}}},{"from":[5.24893,1.29207,-4.55525],"to":[5.94893,1.99207,-3.85525],"rotation":{"angle":22.5,"axis":"x","origin":[5.20239,-1.97,6.6]},"faces":{"north":{"uv":[3,12,3.5,12.5],"rotation":90,"texture":"#2"},"east":{"uv":[2.5,12,2,12.5],"rotation":270,"texture":"#2"},"south":{"uv":[3,12,3.5,12.5],"rotation":90,"texture":"#2"},"west":{"uv":[2.5,12,2,12.5],"rotation":270,"texture":"#2"},"up":{"uv":[2.75,11.5,3.25,12],"rotation":90,"texture":"#2"},"down":{"uv":[2,12.5,2.5,13],"rotation":270,"texture":"#2"}}},{"from":[5.17893,2.3,-3.61893],"to":[6.01893,3,-2.21893],"rotation":{"angle":0,"axis":"y","origin":[5.20239,-1.97,6.6]},"faces":{"north":{"uv":[1.75,11.5,2.25,12],"rotation":270,"texture":"#2"},"east":{"uv":[1.5,12,1,13],"rotation":90,"texture":"#2"},"south":{"uv":[1.75,11.5,2.25,12],"rotation":270,"texture":"#2"},"west":{"uv":[1,12,1.5,13],"rotation":270,"texture":"#2"},"up":{"uv":[1.5,12,2,13],"texture":"#2"},"down":{"uv":[2.5,12,3,13],"rotation":180,"texture":"#2"}}},{"from":[5.24893,5.33144,0.12226],"to":[5.94893,6.03144,0.82226],"rotation":{"angle":-22.5,"axis":"x","origin":[5.20239,-1.97,6.6]},"faces":{"north":{"uv":[1.5,11,2,11.5],"rotation":270,"texture":"#2"},"east":{"uv":[2,10.5,1.5,11],"rotation":90,"texture":"#2"},"south":{"uv":[1.5,11,2,11.5],"rotation":270,"texture":"#2"},"west":{"uv":[1.5,10.5,2,11],"rotation":270,"texture":"#2"},"up":{"uv":[1.25,11.5,1.75,12],"texture":"#2"},"down":{"uv":[2.25,11.5,2.75,12],"rotation":180,"texture":"#2"}}},{"from":[5.31893,-4.50417,-3.04276],"to":[5.87893,-3.80417,-2.34276],"rotation":{"angle":45,"axis":"x","origin":[5.20239,-1.97,6.6]},"faces":{"north":{"uv":[0.5,12.5,1,13],"texture":"#2"},"east":{"uv":[1,12,0.5,12.5],"texture":"#2"},"south":{"uv":[2.5,11,3,11.5],"texture":"#2"},"west":{"uv":[0.5,12,1,12.5],"texture":"#2"},"up":{"uv":[1.5,10,2,10.5],"rotation":90,"texture":"#2"},"down":{"uv":[1.5,10,2,10.5],"rotation":270,"texture":"#2"}}},{"from":[5.24893,3.07,-1.72893],"to":[5.94893,5.17,-1.02893],"rotation":{"angle":0,"axis":"y","origin":[5.20239,-1.97,6.6]},"faces":{"north":{"uv":[0,11.5,0.5,13],"texture":"#2"},"east":{"uv":[0.5,10,1,11.5],"texture":"#2"},"south":{"uv":[0,10,0.5,11.5],"texture":"#2"},"west":{"uv":[1,10,0.5,11.5],"texture":"#2"},"up":{"uv":[1,10,1.5,10.5],"rotation":90,"texture":"#2"},"down":{"uv":[1,10,1.5,10.5],"rotation":270,"texture":"#2"}}},{"from":[5.24893,3.07,-4.66893],"to":[5.94893,5.17,-3.96893],"rotation":{"angle":0,"axis":"y","origin":[5.20239,-1.97,6.6]},"faces":{"north":{"uv":[0.5,10,0,11.5],"texture":"#2"},"east":{"uv":[1,10,0.5,11.5],"texture":"#2"},"south":{"uv":[0.5,11.5,0,13],"texture":"#2"},"west":{"uv":[0.5,10,1,11.5],"texture":"#2"},"up":{"uv":[1.5,10,1,10.5],"rotation":90,"texture":"#2"},"down":{"uv":[1.5,10,1,10.5],"rotation":270,"texture":"#2"}}},{"from":[5.31893,8.85864,2.17995],"to":[5.87893,9.55864,2.87995],"rotation":{"angle":-45,"axis":"x","origin":[5.20239,-1.97,6.6]},"faces":{"north":{"uv":[3,11,2.5,11.5],"texture":"#2"},"east":{"uv":[0.5,12,1,12.5],"texture":"#2"},"south":{"uv":[1,12.5,0.5,13],"texture":"#2"},"west":{"uv":[1,12,0.5,12.5],"texture":"#2"},"up":{"uv":[2,10,1.5,10.5],"rotation":90,"texture":"#2"},"down":{"uv":[2,10,1.5,10.5],"rotation":270,"texture":"#2"}}},{"from":[5.24893,-1.90046,-5.08161],"to":[5.94893,-1.20046,-4.38161],"rotation":{"angle":22.5,"axis":"x","origin":[5.20239,-1.97,6.6]},"faces":{"north":{"uv":[1.5,11.5,2,11],"rotation":270,"texture":"#2"},"east":{"uv":[2,11,1.5,10.5],"rotation":90,"texture":"#2"},"south":{"uv":[1.5,11.5,2,11],"rotation":270,"texture":"#2"},"west":{"uv":[1.5,11,2,10.5],"rotation":270,"texture":"#2"},"up":{"uv":[1.25,12,1.75,11.5],"texture":"#2"},"down":{"uv":[2.25,12,2.75,11.5],"rotation":180,"texture":"#2"}}},{"from":[5.24893,8.52397,-0.4041],"to":[5.94893,9.22397,0.2959],"rotation":{"angle":-22.5,"axis":"x","origin":[5.20239,-1.97,6.6]},"faces":{"north":{"uv":[3,12.5,3.5,12],"rotation":90,"texture":"#2"},"east":{"uv":[2.5,12.5,2,12],"rotation":270,"texture":"#2"},"south":{"uv":[3,12.5,3.5,12],"rotation":90,"texture":"#2"},"west":{"uv":[2.5,12.5,2,12],"rotation":270,"texture":"#2"},"up":{"uv":[3.25,11.5,2.75,12],"rotation":90,"texture":"#2"},"down":{"uv":[2.5,12.5,2,13],"rotation":270,"texture":"#2"}}},{"from":[5.31893,-4.84508,-6.40361],"to":[5.87893,-4.14508,-5.70361],"rotation":{"angle":45,"axis":"x","origin":[5.20239,-1.97,6.6]},"faces":{"north":{"uv":[3.5,10,3,10.5],"texture":"#2"},"east":{"uv":[1,11,1.5,11.5],"texture":"#2"},"south":{"uv":[1,11.5,0.5,12],"texture":"#2"},"west":{"uv":[1.5,11,1,11.5],"texture":"#2"},"up":{"uv":[1.5,10.5,1,11],"rotation":90,"texture":"#2"},"down":{"uv":[1.5,10.5,1,11],"rotation":270,"texture":"#2"}}},{"from":[5.59893,2.58,-4.31893],"to":[5.59893,5.73,-1.16893],"rotation":{"angle":0,"axis":"y","origin":[5.20239,-1.97,6.6]},"faces":{"north":{"uv":[0,6,0,0],"texture":"#4"},"east":{"uv":[1.5,9.5,6,14],"texture":"#4"},"south":{"uv":[0,6,0,0],"texture":"#4"},"west":{"uv":[1.5,14,6,9.5],"texture":"#4"},"up":{"uv":[0,0,3,0],"rotation":90,"texture":"#4"},"down":{"uv":[0,0,3,0],"rotation":270,"texture":"#4"}}},{"from":[5.31893,2.58,-4.31893],"to":[5.31893,5.73,-1.16893],"rotation":{"angle":0,"axis":"y","origin":[5.20239,-1.97,6.6]},"faces":{"north":{"uv":[0,6,0,0],"texture":"#4"},"east":{"uv":[1.5,9.5,6,14],"texture":"#4"},"south":{"uv":[0,6,0,0],"texture":"#4"},"west":{"uv":[1.5,9.5,6,14],"texture":"#4"},"up":{"uv":[0,0,3,0],"rotation":90,"texture":"#4"},"down":{"uv":[0,0,3,0],"rotation":270,"texture":"#4"}}},{"from":[4.89893,-6.14823,7.89574],"to":[6.29893,-2.64823,16.29574],"rotation":{"angle":-45,"axis":"x","origin":[5.20239,-1.97,6.6]},"faces":{"north":{"uv":[7,3,6,5.5],"texture":"#2"},"east":{"uv":[8.5,1,14.5,3.5],"texture":"#2"},"south":{"uv":[7,3,6,5.5],"texture":"#2"},"west":{"uv":[14.5,1,8.5,3.5],"texture":"#2"},"up":{"uv":[13,14,7,15],"rotation":90,"texture":"#2"},"down":{"uv":[13,14,7,15],"rotation":270,"texture":"#2"}}},{"from":[4.96893,-3.99828,8.00575],"to":[6.22893,-1.54828,10.45575],"rotation":{"angle":0,"axis":"y","origin":[5.20239,-1.97,6.6]},"faces":{"north":{"uv":[4.5,15,1,13],"rotation":90,"texture":"#3"},"east":{"uv":[11.75,15.5,10,13.75],"rotation":270,"texture":"#1"},"south":{"uv":[1,15,4.5,13],"rotation":90,"texture":"#1"},"west":{"uv":[10,15.5,11.75,13.75],"rotation":90,"texture":"#1"},"up":{"uv":[10.5,11.75,11.5,10],"rotation":180,"texture":"#1"},"down":{"uv":[10.5,11.75,11.5,10],"texture":"#1"}}},{"from":[4.89893,-7.54823,7.89574],"to":[6.29893,-6.14823,17.69574],"rotation":{"angle":-45,"axis":"x","origin":[5.20239,-1.97,6.6]},"faces":{"north":{"uv":[8.5,2,7.5,3],"texture":"#2"},"east":{"uv":[7,13,0,14],"texture":"#2"},"south":{"uv":[8.5,2,7.5,3],"texture":"#2"},"west":{"uv":[7,13,0,14],"texture":"#2"},"up":{"uv":[7,13,0,14],"rotation":90,"texture":"#2"},"down":{"uv":[14,14,7,15],"rotation":270,"texture":"#2"}}},{"from":[4.26893,-1.18843,6.96092],"to":[6.92893,0.91157,8.36092],"rotation":{"angle":22.5,"axis":"x","origin":[5.20239,-1.97,6.6]},"faces":{"north":{"uv":[1,12,4,8],"rotation":90,"texture":"#3"},"east":{"uv":[3.5,11,5,10],"rotation":270,"texture":"#2"},"south":{"uv":[13,13.5,14.5,11.5],"rotation":90,"texture":"#2"},"west":{"uv":[5,11,3.5,10],"rotation":90,"texture":"#2"},"up":{"uv":[12,10,14,9],"rotation":180,"texture":"#2"},"down":{"uv":[6.5,11,10.5,9],"texture":"#3"}}},{"from":[4.19893,-2.57823,9.29574],"to":[6.99893,-1.17823,19.09574],"rotation":{"angle":-45,"axis":"x","origin":[5.20239,-1.97,6.6]},"faces":{"north":{"uv":[9,15,7,16],"texture":"#2"},"east":{"uv":[9,15,16,16],"texture":"#2"},"south":{"uv":[10.5,13,6.5,15],"texture":"#3"},"west":{"uv":[16,15,9,16],"texture":"#2"},"up":{"uv":[1,6.5,15,2.5],"rotation":90,"texture":"#3"},"down":{"uv":[13.5,0,6.5,2],"rotation":270,"texture":"#1"}}},{"from":[5.17893,5.31,15.41893],"to":[6.01893,6.01,16.81893],"rotation":{"angle":0,"axis":"y","origin":[5.20239,-1.97,6.6]},"faces":{"north":{"uv":[2.5,11.5,2,11],"rotation":270,"texture":"#2"},"east":{"uv":[2,11,2.5,10],"rotation":90,"texture":"#2"},"south":{"uv":[2.5,11.5,2,11],"rotation":270,"texture":"#2"},"west":{"uv":[2.5,11,2,10],"rotation":270,"texture":"#2"},"up":{"uv":[3.5,11.5,3,10.5],"texture":"#2"},"down":{"uv":[3,11,2.5,10],"rotation":180,"texture":"#2"}}},{"from":[5.31893,8.51774,6.95919],"to":[5.87893,9.21774,7.65919],"rotation":{"angle":45,"axis":"x","origin":[5.20239,-1.97,6.6]},"faces":{"north":{"uv":[3.5,10,3,10.5],"texture":"#2"},"east":{"uv":[1,11,1.5,11.5],"texture":"#2"},"south":{"uv":[1,11.5,0.5,12],"texture":"#2"},"west":{"uv":[1.5,11,1,11.5],"texture":"#2"},"up":{"uv":[1.5,10.5,1,11],"rotation":90,"texture":"#2"},"down":{"uv":[1.5,10.5,1,11],"rotation":270,"texture":"#2"}}},{"from":[5.24893,1.29207,17.05525],"to":[5.94893,1.99207,17.75525],"rotation":{"angle":-22.5,"axis":"x","origin":[5.20239,-1.97,6.6]},"faces":{"north":{"uv":[3,12.5,3.5,12],"rotation":90,"texture":"#2"},"east":{"uv":[2.5,12.5,2,12],"rotation":270,"texture":"#2"},"south":{"uv":[3,12.5,3.5,12],"rotation":90,"texture":"#2"},"west":{"uv":[2.5,12.5,2,12],"rotation":270,"texture":"#2"},"up":{"uv":[3.25,11.5,2.75,12],"rotation":90,"texture":"#2"},"down":{"uv":[2.5,12.5,2,13],"rotation":270,"texture":"#2"}}},{"from":[5.17893,2.3,15.41893],"to":[6.01893,3,16.81893],"rotation":{"angle":0,"axis":"y","origin":[5.20239,-1.97,6.6]},"faces":{"north":{"uv":[1.75,12,2.25,11.5],"rotation":270,"texture":"#2"},"east":{"uv":[1.5,13,1,12],"rotation":90,"texture":"#2"},"south":{"uv":[1.75,12,2.25,11.5],"rotation":270,"texture":"#2"},"west":{"uv":[1,13,1.5,12],"rotation":270,"texture":"#2"},"up":{"uv":[1.5,13,2,12],"texture":"#2"},"down":{"uv":[2.5,13,3,12],"rotation":180,"texture":"#2"}}},{"from":[5.24893,5.33144,12.37774],"to":[5.94893,6.03144,13.07774],"rotation":{"angle":22.5,"axis":"x","origin":[5.20239,-1.97,6.6]},"faces":{"north":{"uv":[1.5,11.5,2,11],"rotation":270,"texture":"#2"},"east":{"uv":[2,11,1.5,10.5],"rotation":90,"texture":"#2"},"south":{"uv":[1.5,11.5,2,11],"rotation":270,"texture":"#2"},"west":{"uv":[1.5,11,2,10.5],"rotation":270,"texture":"#2"},"up":{"uv":[1.25,12,1.75,11.5],"texture":"#2"},"down":{"uv":[2.25,12,2.75,11.5],"rotation":180,"texture":"#2"}}},{"from":[5.31893,-4.50417,15.54276],"to":[5.87893,-3.80417,16.24276],"rotation":{"angle":-45,"axis":"x","origin":[5.20239,-1.97,6.6]},"faces":{"north":{"uv":[3,11,2.5,11.5],"texture":"#2"},"east":{"uv":[0.5,12,1,12.5],"texture":"#2"},"south":{"uv":[1,12.5,0.5,13],"texture":"#2"},"west":{"uv":[1,12,0.5,12.5],"texture":"#2"},"up":{"uv":[2,10,1.5,10.5],"rotation":90,"texture":"#2"},"down":{"uv":[2,10,1.5,10.5],"rotation":270,"texture":"#2"}}},{"from":[5.24893,3.07,14.22893],"to":[5.94893,5.17,14.92893],"rotation":{"angle":0,"axis":"y","origin":[5.20239,-1.97,6.6]},"faces":{"north":{"uv":[0.5,10,0,11.5],"texture":"#2"},"east":{"uv":[1,10,0.5,11.5],"texture":"#2"},"south":{"uv":[0.5,11.5,0,13],"texture":"#2"},"west":{"uv":[0.5,10,1,11.5],"texture":"#2"},"up":{"uv":[1.5,10,1,10.5],"rotation":90,"texture":"#2"},"down":{"uv":[1.5,10,1,10.5],"rotation":270,"texture":"#2"}}},{"from":[5.24893,3.07,17.16893],"to":[5.94893,5.17,17.86893],"rotation":{"angle":0,"axis":"y","origin":[5.20239,-1.97,6.6]},"faces":{"north":{"uv":[0,11.5,0.5,13],"texture":"#2"},"east":{"uv":[0.5,10,1,11.5],"texture":"#2"},"south":{"uv":[0,10,0.5,11.5],"texture":"#2"},"west":{"uv":[1,10,0.5,11.5],"texture":"#2"},"up":{"uv":[1,10,1.5,10.5],"rotation":90,"texture":"#2"},"down":{"uv":[1,10,1.5,10.5],"rotation":270,"texture":"#2"}}},{"from":[5.31893,8.85864,10.32005],"to":[5.87893,9.55864,11.02005],"rotation":{"angle":45,"axis":"x","origin":[5.20239,-1.97,6.6]},"faces":{"north":{"uv":[0.5,12.5,1,13],"texture":"#2"},"east":{"uv":[1,12,0.5,12.5],"texture":"#2"},"south":{"uv":[2.5,11,3,11.5],"texture":"#2"},"west":{"uv":[0.5,12,1,12.5],"texture":"#2"},"up":{"uv":[1.5,10,2,10.5],"rotation":90,"texture":"#2"},"down":{"uv":[1.5,10,2,10.5],"rotation":270,"texture":"#2"}}},{"from":[5.24893,-1.90046,17.58161],"to":[5.94893,-1.20046,18.28161],"rotation":{"angle":-22.5,"axis":"x","origin":[5.20239,-1.97,6.6]},"faces":{"north":{"uv":[1.5,11,2,11.5],"rotation":270,"texture":"#2"},"east":{"uv":[2,10.5,1.5,11],"rotation":90,"texture":"#2"},"south":{"uv":[1.5,11,2,11.5],"rotation":270,"texture":"#2"},"west":{"uv":[1.5,10.5,2,11],"rotation":270,"texture":"#2"},"up":{"uv":[1.25,11.5,1.75,12],"texture":"#2"},"down":{"uv":[2.25,11.5,2.75,12],"rotation":180,"texture":"#2"}}},{"from":[5.24893,8.52397,12.9041],"to":[5.94893,9.22397,13.6041],"rotation":{"angle":22.5,"axis":"x","origin":[5.20239,-1.97,6.6]},"faces":{"north":{"uv":[3,12,3.5,12.5],"rotation":90,"texture":"#2"},"east":{"uv":[2.5,12,2,12.5],"rotation":270,"texture":"#2"},"south":{"uv":[3,12,3.5,12.5],"rotation":90,"texture":"#2"},"west":{"uv":[2.5,12,2,12.5],"rotation":270,"texture":"#2"},"up":{"uv":[2.75,11.5,3.25,12],"rotation":90,"texture":"#2"},"down":{"uv":[2,12.5,2.5,13],"rotation":270,"texture":"#2"}}},{"from":[5.31893,-4.84508,18.90361],"to":[5.87893,-4.14508,19.60361],"rotation":{"angle":-45,"axis":"x","origin":[5.20239,-1.97,6.6]},"faces":{"north":{"uv":[0.5,11.5,1,12],"texture":"#2"},"east":{"uv":[1.5,11,1,11.5],"texture":"#2"},"south":{"uv":[3,10,3.5,10.5],"texture":"#2"},"west":{"uv":[1,11,1.5,11.5],"texture":"#2"},"up":{"uv":[1,10.5,1.5,11],"rotation":90,"texture":"#2"},"down":{"uv":[1,10.5,1.5,11],"rotation":270,"texture":"#2"}}},{"from":[5.59893,2.58,14.36893],"to":[5.59893,5.73,17.51893],"rotation":{"angle":0,"axis":"y","origin":[5.20239,-1.97,6.6]},"faces":{"north":{"uv":[0,6,0,0],"texture":"#4"},"east":{"uv":[6,9.5,1.5,14],"texture":"#4"},"south":{"uv":[0,6,0,0],"texture":"#4"},"west":{"uv":[6,14,1.5,9.5],"texture":"#4"},"up":{"uv":[3,0,0,0],"rotation":90,"texture":"#4"},"down":{"uv":[3,0,0,0],"rotation":270,"texture":"#4"}}},{"from":[5.31893,2.58,14.36893],"to":[5.31893,5.73,17.51893],"rotation":{"angle":0,"axis":"y","origin":[5.20239,-1.97,6.6]},"faces":{"north":{"uv":[0,6,0,0],"texture":"#4"},"east":{"uv":[6,9.5,1.5,14],"texture":"#4"},"south":{"uv":[0,6,0,0],"texture":"#4"},"west":{"uv":[6,9.5,1.5,14],"texture":"#4"},"up":{"uv":[3,0,0,0],"rotation":90,"texture":"#4"},"down":{"uv":[3,0,0,0],"rotation":270,"texture":"#4"}}},{"from":[5.25,-15.2,0.3],"to":[5.25,-4,7.3],"rotation":{"angle":0,"axis":"y","origin":[5.20239,-1.97,6.6]},"faces":{"north":{"uv":[0,0,0,16],"texture":"#5"},"east":{"uv":[0,0,10,16],"texture":"#5"},"south":{"uv":[0,0,0,16],"texture":"#5"},"west":{"uv":[10,0,0,16],"texture":"#5"},"up":{"uv":[0,0,0,8],"texture":"#5"},"down":{"uv":[0,0,0,8],"texture":"#5"}}},{"from":[5.25,-15.2,5.9],"to":[5.25,-4,12.9],"rotation":{"angle":0,"axis":"y","origin":[5.20239,-1.97,6.6]},"faces":{"north":{"uv":[0,0,0,16],"texture":"#5"},"east":{"uv":[10,0,0,16],"texture":"#5"},"south":{"uv":[0,0,0,16],"texture":"#5"},"west":{"uv":[0,0,10,16],"texture":"#5"},"up":{"uv":[0,8,0,0],"texture":"#5"},"down":{"uv":[0,8,0,0],"texture":"#5"}}},{"from":[7.13103,-0.05518,4.5],"to":[8.53103,7.64482,4.5],"rotation":{"angle":45,"axis":"z","origin":[5.20239,-1.97,6.6]},"faces":{"north":{"uv":[15,0,16,5.5],"texture":"#2"},"east":{"uv":[0,0,0,8.5],"texture":"#2"},"south":{"uv":[16,0,15,5.5],"texture":"#2"},"west":{"uv":[0,0,0,8.5],"texture":"#2"},"up":{"uv":[0,0,0,1],"rotation":90,"texture":"#2"},"down":{"uv":[0,0,0,1],"rotation":270,"texture":"#2"}}},{"from":[7.13103,-0.05518,8.7],"to":[8.53103,7.64482,8.7],"rotation":{"angle":45,"axis":"z","origin":[5.20239,-1.97,6.6]},"faces":{"north":{"uv":[15,0,16,5.5],"texture":"#2"},"east":{"uv":[0,0,0,8.5],"texture":"#2"},"south":{"uv":[16,0,15,5.5],"texture":"#2"},"west":{"uv":[0,0,0,8.5],"texture":"#2"},"up":{"uv":[0,0,0,1],"rotation":90,"texture":"#2"},"down":{"uv":[0,0,0,1],"rotation":270,"texture":"#2"}}},{"from":[4.9,-8.9,-4.25],"to":[4.9,-3.3,-0.4],"rotation":{"angle":0,"axis":"y","origin":[5.20239,-1.97,6.6]},"faces":{"north":{"uv":[0,0,0,6],"texture":"#6"},"east":{"uv":[5.5,0,0,8],"texture":"#6"},"south":{"uv":[0,0,0,6],"texture":"#6"},"west":{"uv":[0,0,5.5,8],"texture":"#6"},"up":{"uv":[0,0,0,6],"texture":"#6"},"down":{"uv":[0,0,0,6],"texture":"#6"}}},{"from":[1.50757,-8.9,-3.45491],"to":[1.50757,-3.3,0.39509],"rotation":{"angle":-22.5,"axis":"y","origin":[5.20239,-1.97,6.6]},"faces":{"north":{"uv":[0,0,0,6],"texture":"#6"},"east":{"uv":[5,0,10.5,8],"texture":"#6"},"south":{"uv":[0,0,0,6],"texture":"#6"},"west":{"uv":[10.5,0,5,8],"texture":"#6"},"up":{"uv":[0,0,0,6],"texture":"#6"},"down":{"uv":[0,0,0,6],"texture":"#6"}}},{"from":[-1.32236,-8.9,-1.42211],"to":[-1.32236,-3.3,2.42789],"rotation":{"angle":-45,"axis":"y","origin":[5.20239,-1.97,6.6]},"faces":{"north":{"uv":[0,0,0,6],"texture":"#6"},"east":{"uv":[10.5,0,16,8],"texture":"#6"},"south":{"uv":[0,0,0,6],"texture":"#6"},"west":{"uv":[16,0,10.5,8],"texture":"#6"},"up":{"uv":[0,0,0,6],"texture":"#6"},"down":{"uv":[0,0,0,6],"texture":"#6"}}},{"from":[6.41347,-8.9,-1.76134],"to":[10.26347,-3.3,-1.76134],"rotation":{"angle":22.5,"axis":"y","origin":[5.20239,-1.97,6.6]},"faces":{"north":{"uv":[5.5,8,0,16],"texture":"#6"},"east":{"uv":[0,0,0,6],"texture":"#6"},"south":{"uv":[0,8,5.5,16],"texture":"#6"},"west":{"uv":[0,0,0,6],"texture":"#6"},"up":{"uv":[0,0,0,6],"rotation":90,"texture":"#6"},"down":{"uv":[0,0,0,6],"rotation":270,"texture":"#6"}}},{"from":[2.975,-8.9,-2.325],"to":[6.825,-3.3,-2.325],"rotation":{"angle":0,"axis":"y","origin":[5.20239,-1.97,6.6]},"faces":{"north":{"uv":[10.5,8,5,16],"texture":"#6"},"east":{"uv":[0,0,0,6],"texture":"#6"},"south":{"uv":[5,8,10.5,16],"texture":"#6"},"west":{"uv":[0,0,0,6],"texture":"#6"},"up":{"uv":[0,0,0,6],"rotation":90,"texture":"#6"},"down":{"uv":[0,0,0,6],"rotation":270,"texture":"#6"}}},{"from":[-0.41743,-8.9,-1.52991],"to":[3.43257,-3.3,-1.52991],"rotation":{"angle":-22.5,"axis":"y","origin":[5.20239,-1.97,6.6]},"faces":{"north":{"uv":[16,8,10.5,16],"texture":"#6"},"east":{"uv":[0,0,0,6],"texture":"#6"},"south":{"uv":[10.5,8,16,16],"texture":"#6"},"west":{"uv":[0,0,0,6],"texture":"#6"},"up":{"uv":[0,0,0,6],"rotation":90,"texture":"#6"},"down":{"uv":[0,0,0,6],"rotation":270,"texture":"#6"}}},{"from":[-3.24736,-8.9,0.50289],"to":[0.60264,-3.3,0.50289],"rotation":{"angle":-45,"axis":"y","origin":[5.20239,-1.97,6.6]},"faces":{"north":{"uv":[5.5,0,0,8],"texture":"#7"},"east":{"uv":[0,0,0,6],"texture":"#7"},"south":{"uv":[0,0,5.5,8],"texture":"#7"},"west":{"uv":[0,0,0,6],"texture":"#7"},"up":{"uv":[0,0,0,6],"rotation":90,"texture":"#7"},"down":{"uv":[0,0,0,6],"rotation":270,"texture":"#7"}}},{"from":[8.33847,-8.9,-3.68634],"to":[8.33847,-3.3,0.16366],"rotation":{"angle":22.5,"axis":"y","origin":[5.20239,-1.97,6.6]},"faces":{"north":{"uv":[0,0,0,6],"texture":"#7"},"east":{"uv":[10.5,0,5,8],"texture":"#7"},"south":{"uv":[0,0,0,6],"texture":"#7"},"west":{"uv":[5,0,10.5,8],"texture":"#7"},"up":{"uv":[0,0,0,6],"rotation":180,"texture":"#7"},"down":{"uv":[0,0,0,6],"rotation":180,"texture":"#7"}}},{"from":[4.9,-8.9,-4.25],"to":[4.9,-3.3,-0.4],"rotation":{"angle":0,"axis":"y","origin":[5.20239,-1.97,6.6]},"faces":{"north":{"uv":[0,0,0,6],"texture":"#7"},"east":{"uv":[10.5,0,16,8],"texture":"#7"},"south":{"uv":[0,0,0,6],"texture":"#7"},"west":{"uv":[16,0,10.5,8],"texture":"#7"},"up":{"uv":[0,0,0,6],"rotation":180,"texture":"#7"},"down":{"uv":[0,0,0,6],"rotation":180,"texture":"#7"}}},{"from":[1.50757,-8.9,-3.45491],"to":[1.50757,-3.3,0.39509],"rotation":{"angle":-22.5,"axis":"y","origin":[5.20239,-1.97,6.6]},"faces":{"north":{"uv":[0,0,0,6],"texture":"#7"},"east":{"uv":[0,8,5.5,16],"texture":"#7"},"south":{"uv":[0,0,0,6],"texture":"#7"},"west":{"uv":[5.5,8,0,16],"texture":"#7"},"up":{"uv":[0,0,0,6],"rotation":180,"texture":"#7"},"down":{"uv":[0,0,0,6],"rotation":180,"texture":"#7"}}},{"from":[-1.32236,-8.9,-1.42211],"to":[-1.32236,-3.3,2.42789],"rotation":{"angle":-45,"axis":"y","origin":[5.20239,-1.97,6.6]},"faces":{"north":{"uv":[0,0,0,6],"texture":"#7"},"east":{"uv":[5,8,10.5,16],"texture":"#7"},"south":{"uv":[0,0,0,6],"texture":"#7"},"west":{"uv":[10.5,8,5,16],"texture":"#7"},"up":{"uv":[0,0,0,6],"rotation":180,"texture":"#7"},"down":{"uv":[0,0,0,6],"rotation":180,"texture":"#7"}}},{"from":[6.41347,-8.9,-1.76134],"to":[10.26347,-3.3,-1.76134],"rotation":{"angle":22.5,"axis":"y","origin":[5.20239,-1.97,6.6]},"faces":{"north":{"uv":[16,8,10.5,16],"texture":"#7"},"east":{"uv":[0,0,0,6],"texture":"#7"},"south":{"uv":[10.5,8,16,16],"texture":"#7"},"west":{"uv":[0,0,0,6],"texture":"#7"},"up":{"uv":[0,0,0,6],"rotation":270,"texture":"#7"},"down":{"uv":[0,0,0,6],"rotation":90,"texture":"#7"}}},{"from":[4.89893,-1.44775,7.0603],"to":[6.29893,1.35225,9.8603],"rotation":{"angle":-45,"axis":"x","origin":[5.20239,-1.97,6.6]},"faces":{"north":{"uv":[15,7,16,9],"texture":"#2"},"east":{"uv":[14,9,16,11],"texture":"#2"},"south":{"uv":[16,9,15,7],"texture":"#2"},"west":{"uv":[14,9,16,11],"texture":"#2"},"up":{"uv":[14,14,16,15],"rotation":90,"texture":"#2"},"down":{"uv":[16,15,14,14],"rotation":270,"texture":"#2"}}},{"from":[3.49893,-1.44775,7.0603],"to":[4.89893,1.35225,9.8603],"rotation":{"angle":-45,"axis":"x","origin":[5.20239,-1.97,6.6]},"faces":{"north":{"uv":[16,7,15,9],"texture":"#2"},"east":{"uv":[16,9,14,11],"texture":"#2"},"south":{"uv":[15,9,16,7],"texture":"#2"},"west":{"uv":[16,9,14,11],"texture":"#2"},"up":{"uv":[14,15,16,14],"rotation":90,"texture":"#2"},"down":{"uv":[16,14,14,15],"rotation":270,"texture":"#2"}}},{"from":[5.46,-10.73784,13.46633],"to":[5.46,-3.73784,19.06633],"rotation":{"angle":-45,"axis":"x","origin":[5.20239,-1.97,6.6]},"faces":{"north":{"uv":[0,0,5,0],"rotation":270,"texture":"#1"},"east":{"uv":[11.75,10.5,15.75,15.5],"rotation":180,"texture":"#1"},"south":{"uv":[0,0,5,0],"rotation":270,"texture":"#1"},"west":{"uv":[11.75,15.5,15.75,10.5],"texture":"#1"},"up":{"uv":[0,4,0,0],"texture":"#1"},"down":{"uv":[0,4,0,0],"rotation":180,"texture":"#1"}}},{"from":[5.46,2.3,-8.45],"to":[5.46,7.9,-1.45],"rotation":{"angle":0,"axis":"y","origin":[5.20239,-1.97,6.6]},"faces":{"north":{"uv":[0,0,0,4],"texture":"#1"},"east":{"uv":[15.75,10.5,11.75,15.5],"rotation":90,"texture":"#1"},"south":{"uv":[0,0,0,4],"texture":"#1"},"west":{"uv":[15.75,15.5,11.75,10.5],"rotation":90,"texture":"#1"},"up":{"uv":[0,0,5,0],"rotation":90,"texture":"#1"},"down":{"uv":[0,0,5,0],"rotation":270,"texture":"#1"}}},{"from":[5.46,-10.73784,-5.86633],"to":[5.46,-3.73784,-0.26633],"rotation":{"angle":45,"axis":"x","origin":[5.20239,-1.97,6.6]},"faces":{"north":{"uv":[0,0,5,0],"rotation":270,"texture":"#1"},"east":{"uv":[15.75,10.5,11.75,15.5],"rotation":180,"texture":"#1"},"south":{"uv":[0,0,5,0],"rotation":270,"texture":"#1"},"west":{"uv":[15.75,15.5,11.75,10.5],"texture":"#1"},"up":{"uv":[0,0,0,4],"texture":"#1"},"down":{"uv":[0,0,0,4],"rotation":180,"texture":"#1"}}},{"from":[5.46,2.3,14.65],"to":[5.46,7.9,21.65],"rotation":{"angle":0,"axis":"y","origin":[5.20239,-1.97,6.6]},"faces":{"north":{"uv":[0,0,0,4],"texture":"#1"},"east":{"uv":[15.75,15.5,11.75,10.5],"rotation":90,"texture":"#1"},"south":{"uv":[0,0,0,4],"texture":"#1"},"west":{"uv":[15.75,10.5,11.75,15.5],"rotation":90,"texture":"#1"},"up":{"uv":[5,0,0,0],"rotation":90,"texture":"#1"},"down":{"uv":[5,0,0,0],"rotation":270,"texture":"#1"}}},{"from":[2.65138,-4,5.72864],"to":[4.75138,-1.2,7.12864],"rotation":{"angle":45,"axis":"y","origin":[5.20239,-1.97,6.6]},"faces":{"north":{"uv":[11.5,5.75,10,7.75],"texture":"#0"},"east":{"uv":[10,5.75,9,7.75],"texture":"#0"},"south":{"uv":[10,5.75,11.5,7.75],"texture":"#0"},"west":{"uv":[10,5.75,9,7.75],"texture":"#0"},"up":{"uv":[7,1,8.5,0],"texture":"#0"},"down":{"uv":[7,1,8.5,0],"texture":"#0"}}},{"from":[2.65138,-4,6.07136],"to":[4.75138,-1.2,7.47136],"rotation":{"angle":-45,"axis":"y","origin":[5.20239,-1.97,6.6]},"faces":{"north":{"uv":[10,5.75,11.5,7.75],"texture":"#0"},"east":{"uv":[9,5.75,10,7.75],"texture":"#0"},"south":{"uv":[10,5.75,11.5,7.75],"texture":"#0"},"west":{"uv":[9,5.75,10,7.75],"texture":"#0"},"up":{"uv":[7,0,8.5,1],"texture":"#0"},"down":{"uv":[7,0,8.5,1],"texture":"#0"}}}],"gui_light":"front","display":{"thirdperson_righthand":{"rotation":[44,-139,0],"translation":[-0.5,-1.75,0.25],"scale":[0.64,0.64,0.64]},"thirdperson_lefthand":{"rotation":[-109.86,-90,-180],"translation":[-6,-5.75,-1],"scale":[1.29766,1.29766,1.29766]},"firstperson_righthand":{"rotation":[0,19,0],"translation":[0.5,1.75,1.5],"scale":[0.5,0.5,0.5]},"firstperson_lefthand":{"rotation":[0,-92,0],"translation":[0.5,3,2.25],"scale":[0,0,0]},"ground":{"rotation":[-36,0,0],"translation":[0,9.75,0],"scale":[0.5,0.5,0.5]},"gui":{"rotation":[88,90,-88],"translation":[0,-2.75,-2],"scale":[0.34,0.34,0.34]},"head":{"rotation":[-180,90,-180],"translation":[4.5,-73.25,-7.75],"scale":[3.17383,3.17383,3.17383]},"fixed":{"rotation":[0,-90,0],"translation":[0.25,-9,-3],"scale":[2.06836,2.06836,2.06836]}}}